t,y_exacta,y_euler,y_rk4,error_y_euler,error_y_rk4,v_exacta,v_euler,v_rk4,error_v_euler,error_v_rk4,error_norma_euler,error_norma_rk4
0.0,1.0,1.0,1.0,0.0,0.0,0.0,0.0,0.0,0.0,0.0,0.0,0.0
0.05,0.995037299453687,1.0,0.9950373333333333,0.004962700546312981,3.387964631063056e-08,-0.1976834119912212,-0.2,-0.1976832666666667,0.0023165880087788193,1.4532455450133597e-07,0.005476766994750916,1.4922150171857e-07
0.1,0.9803295444599632,0.99,0.98032962624711,0.00967045554003676,8.178714672180121e-08,-0.3894968636914215,-0.396,-0.389496593625244,0.0065031363085785165,2.7006617747682427e-07,0.01165369006794757,2.82178804281677e-07
0.15000000000000002,0.956215195250505,0.9702,0.9562153373427432,0.013984804749494928,1.420922381978329e-07,-0.573659089720398,-0.58608,-0.5736587188915832,0.012420910279602015,3.708288148773775e-07,0.01870437852630819,3.971198988963283e-07
0.2,0.9231190640347159,0.940896,0.9231192769863812,0.01777693596528407,2.1295166530155285e-07,-0.7484997852198461,-0.7683984,-0.748499340461749,0.019898614780153978,4.447580970179388e-07,0.026682846971093105,4.931107143611086e-07
0.25,0.8815464026970798,0.9024760799999999,0.8815466950410424,0.020929677302920058,2.923439625934776e-07,-0.9124739320376498,-0.9412096320000001,-0.9124734424604245,0.02873569996235026,4.895772253155073e-07,0.03554985013091594,5.702200031676262e-07
0.30000000000000004,0.8320763118232526,0.8554155983999999,0.8320766899294132,0.02333928657674733,3.781061606034086e-07,-1.0641746018465512,-1.1028806553600001,-1.064174098233009,0.03870605351344891,5.036135422020749e-07,0.04519823974998926,6.297546098089095e-07
0.35000000000000003,0.7753545496941369,0.8002715656319999,0.7753550176660013,0.024917015937862996,4.679718644817754e-07,-1.2023441397021442,-1.2519061619328,-1.202343653886536,0.04956202223065587,4.858156081866127e-07,0.055472981989791614,6.745476047724708e-07
0.4,0.7120858242657909,0.7376762575353598,0.7120863838759409,0.02559043326956889,5.596101499971695e-07,-1.3258836494772446,-1.386922351820544,-1.3258832137164986,0.061038702343299445,4.35760745931546e-07,0.06618605184386032,7.092608460042554e-07
0.45,0.6430256546236768,0.6683301399443327,0.6430263052883987,0.02530448532065588,6.506647218795791e-07,-1.4338607209638754,-1.506719156291205,-1.4338603673107473,0.07285843532732961,3.5365312811563854e-07,0.07712761227789929,7.405640521417485e-07
0.5,0.5689718909460997,0.5929941821297724,0.5689726297388903,0.024022291183672717,7.387927906110647e-07,-1.525515357020475,-1.6102508011542473,-1.5255151167078622,0.08473544413377243,2.4031261269819026e-07,0.08807477485784922,7.768944196483296e-07
0.55,0.49075598362686124,0.51248164207206,0.49075680532999155,0.021725658445198803,8.217031303159317e-07,-1.6002640777720214,-1.696644621557117,-1.6002639806173684,0.09638054378509553,9.715465298931747e-08,0.09879885351150668,8.274267707588846e-07
0.6000000000000001,0.40923409289357027,0.42764941099420417,0.4092349900863794,0.018415318100633904,8.971928091572323e-07,-1.6577021973593866,-1.7652080575403866,-1.657702271197677,0.10750586018099995,7.383829037088674e-08,0.10907169162529866,9.002260993374616e-07
0.65,0.32527813002736045,0.33938900811718486,0.32527909320946674,0.014110878089824419,9.631821062949797e-07,-1.697604286901325,-1.8154337785884196,-1.697604557054612,0.11782949168709456,2.7015328707413744e-07,0.11867142028182258,1.000351222523267e-06
0.7000000000000001,0.23976682016237547,0.24861731918776386,0.2397678379095387,0.008850499025388398,1.0177471632399904e-06,-1.7199228550046715,-1.8470029046400882,-1.7199233437954768,0.12708004963541675,4.887908053863299e-07,0.12738787363143475,1.1290375280358332e-06
0.75,0.1535768746482164,0.15626717395575945,0.15357793379816975,0.0026902993075430537,1.0591499533529891e-06,-1.7247852941706066,-1.8597863103848393,-1.7247860204857879,0.13500101621423277,7.263151813319269e-07,0.13502781968631392,1.284263355515865e-06
0.8,0.06757435813251671,0.06327785843651748,0.06757544399771633,0.004296499695999226,1.0858651996181745e-06,-1.7124891576419679,-1.8538440189682945,-1.7124901365528666,0.1413548613263267,9.789108987856565e-07,0.14142014259016558,1.4619746165727912e-06
0.8500000000000001,-0.01739366809166345,-0.029414342511897257,-0.01739257148775053,0.012020674420233808,1.0966039129187144e-06,-1.6834958464744718,-1.8294227102762322,-1.6834970889182976,0.14592686380176034,1.2424438258218373e-06,0.1464211261824426,1.6571683083354687e-06
0.9,-0.10050714927655303,-0.12088547802570887,-0.10050605894327888,0.020378328749155836,1.090333274153532e-06,-1.6384228007616422,-1.786951387568328,-1.638424313288141,0.1485285868066859,1.5125264989368503e-06,0.14992003662419479,1.864554386096723e-06
0.9500000000000001,-0.18098061477662367,-0.2102330474041253,-0.1809795484839855,0.02925243262750163,1.0662926381577176e-06,-1.5780343018808327,-1.7270352642118196,-1.5780360864673408,0.14900096233098692,1.7845865081245194e-06,0.15184528833713182,2.078876859068235e-06
1.0,-0.2580702634395464,-0.2965848106147163,-0.25806923943406224,0.03851454717516989,1.0240054841847979e-06,-1.5032310042519774,-1.650447949446758,-1.503233058188985,0.14721694519478068,2.0539370075844943e-06,0.1521716113359895,2.2950478127406603e-06
1.05,-0.3310804964850682,-0.3791072080870542,-0.3310795331978613,0.048026711601986016,9.632872068898735e-07,-1.4150383253225864,-1.5581220283348798,-1.4150406411709593,0.14308370301229334,2.3158483728469292e-06,0.15092882791239884,2.5082017321131614e-06
1.1,-0.39936984418631627,-0.4570133095037982,-0.39936895993763716,0.057643465317481934,8.842486791116322e-07,-1.3145938312387269,-1.4511381461507713,-1.3145963968587362,0.13654431491204444,2.5656200093315817e-06,0.1482130865632563,2.7137247021010167e-06
1.1500000000000001,-0.4623562397278626,-0.5295702168113368,-0.4623554524322695,0.06721397708347415,7.872955931076397e-07,-1.2031337628749168,-1.3307127213269963,-1.2031365615262575,0.12757895845207945,2.798651340674141e-06,0.144201627435668,2.9072811486995674e-06
1.2000000000000002,-0.5195216009961114,-0.5961058528776866,-0.5195209278724852,0.07658425188157514,6.73123626282468e-07,-1.0819788525350797,-1.1981844235381889,-1.0819818630461064,0.11620557100310913,3.0105110266909207e-06,0.13917213215446253,3.084845548497895e-06
1.25,-0.5704156886808966,-0.656015074054596,-0.5704151459713567,0.08559938537369938,5.427095399745951e-07,-0.952519585677304,-1.0549995644918877,-0.952522782680795,0.1024799788145837,3.1970034910511202e-06,0.1335267794646176,3.2427403483122864e-06
1.3,-0.6146592168523428,-0.7087650522791904,-0.6146588195539736,0.09410583542684758,3.97298369203547e-07,-0.8162010644488119,-0.9026965583911307,-0.8162044186807069,0.08649549394231881,3.354231895014159e-06,0.12781775594067762,3.3776793216204048e-06
1.35,-0.6519462000438503,-0.753899880198747,-0.6519459616569429,0.1019536801548967,2.383869074362721e-07,-0.6745076306520366,-0.74288961676747,-0.6745111093087705,0.06838198611543345,3.478656733890695e-06,0.12276257134085417,3.4868153076812237e-06
1.4000000000000001,-0.6820455287410782,-0.7910443610371205,-0.6820454610373388,0.10899883229604235,6.770373939257723e-08,-0.5289474050213868,-0.5772518483923712,-0.5289509721707101,0.048304443370984385,3.5671493232580787e-06,0.11922275240607978,3.5677917667302707e-06
1.4500000000000002,-0.7048017729701169,-0.819906953456739,-0.7048018857840013,0.1151051804866221,1.128138843453641e-07,-0.38103689741176977,-0.40749793921709965,-0.3810405144512622,0.026461041805329877,3.6170394924206484e-06,0.11810753281768807,3.6187983726966207e-06
1.5,-0.7201352213200826,-0.840281850417594,-0.7201355223660854,0.12014662909751139,3.010460027930151e-07,-0.232285838737134,-0.23536658974140984,-0.23228946489402985,0.00308075100427585,3.6261568958639856e-06,0.12018612028951313,3.6386319584727976e-06
1.55,-0.7280411701535179,-0.8520501799046645,-0.7280416648718826,0.12400900975114659,4.947183647185938e-07,-0.08418238031684536,-0.06260288786306284,-0.0841859731822979,0.021579492453782517,3.592865452539673e-06,0.12587259032062073,3.6267655590681555e-06
1.6,-0.7285884848833025,-0.8551803242978177,-0.7285891763162257,0.12659183941451513,6.914329231388905e-07,0.06182120023102933,0.10905920587513132,0.06181768414054603,0.047238005644101994,3.5160904832964857e-06,0.13511818154335337,3.5834301686970967e-06
1.6500000000000001,-0.7219174619625692,-0.8497273640040611,-0.7219183506625592,0.1278099020414919,8.88699989931574e-07,0.20432215517660843,0.2779140866171922,0.20431875983835154,0.07359193144058376,3.395338256884095e-06,0.1474826885875469,3.509716448769773e-06
1.7000000000000002,-0.7082370265845167,-0.8358316596732015,-0.7082381105561393,0.1275946330886848,1.08397162257301e-06,0.34198016248422175,0.4423012776856606,0.3419769317765012,0.10032111520143883,3.230707720569548e-06,0.1623105558745224,3.407706978936312e-06
1.75,-0.6878213069674683,-0.8137165957889184,-0.6878225816432637,0.12589528882145007,1.27467579535967e-06,0.47352934872345764,0.6006215840665876,0.47352632582914816,0.12709223534312997,3.022894309478996e-06,0.17889119607166212,3.2806536527887704e-06
1.8,-0.6610056314582066,-0.783685516585589,-0.6610070897091195,0.12267988512738248,1.4582509129112964e-06,0.5977893374340795,0.7513524715430395,0.59778656424825,0.15356313410896005,2.7731858294188783e-06,0.19655022353646462,3.1332180532954134e-06
1.85,-0.6281819994808676,-0.7461178930084371,-0.6281836316610804,0.1179358935275695,1.6321802127627905e-06,0.7136752329470916,0.8930625254292965,0.7136727494965954,0.17938729248220497,2.483450496137962e-06,0.21468273262245002,2.9717904727120784e-06
1.9000000000000001,-0.5897940815532071,-0.7014647667369723,-0.5897958755788232,0.11167068518376522,1.794025616064232e-06,0.8202064619772391,1.024424853522398,0.8202043058599059,0.20421839154515897,2.1561173332296235e-06,0.2327562961011011,2.804883217844884e-06
1.9500000000000002,-0.5463318071572437,-0.6502435240608524,-0.5463337486178377,0.10391171690360868,1.941460593957167e-06,0.9165144081398708,1.1442293097993446,0.916512613990662,0.22771490165947372,1.7941492088668909e-06,0.25030325876352366,2.6435280633211e-06
2.0,-0.4983256021643453,-0.5930320585708851,-0.4983276744659769,0.09470645640653985,2.072301631628193e-06,1.0018487877700446,1.2513934284155281,1.0018473867611626,0.24954464064548354,1.4010088820182176e-06,0.2669116718316517,2.5014515665794544e-06
2.0500000000000003,-0.4463403397598292,-0.5304623871501087,-0.4463425242977246,0.08412204739027956,2.184537895411065e-06,1.0755827288955182,1.3449719715613946,1.0755817482769925,0.2693892426658764,9.806185257144051e-07,0.2822181477531643,2.394539310485693e-06
2.1,-0.39096907038013806,-0.463213788572039,-0.39097134673886635,0.07224471819190093,2.2763587282925712e-06,1.1372165287995777,1.4241650095601885,1.1372159914863194,0.28694848076061086,5.373132583308404e-07,0.2959032441820296,2.3389131231090814e-06
2.15,-0.33282659706449297,-0.39200553809402955,-0.33282894324313667,0.05917894102953658,2.3461786436973497e-06,1.1863800791680177,1.4883244670833926,1.1863800033787162,0.3019443879153749,7.578930150131669e-08,0.307689064568385,2.3474024466127648e-06
2.2,-0.272542962837326,-0.3175893147398599,-0.2725453554968231,0.04504635190253392,2.3926594971412918e-06,1.222833961213297,1.5369590853605306,1.222834360165875,0.3141251241472336,3.9895257808453266e-07,0.31733856910284614,2.425692195811479e-06
2.25,-0.21075691628891335,-0.24074136047183337,-0.21075933101848587,0.02998444418292001,2.414729572519647e-06,1.2464692262786743,1.569737766601292,1.2464701079462819,0.32326854032261765,8.816676075884544e-07,0.3246561504966054,2.5706529673745673e-06
2.3000000000000003,-0.14810942042710032,-0.16225447214176875,-0.14811183202645806,0.014145051714668427,2.411599357737826e-06,1.2573058901219167,1.5864912833636329,1.2573072570526787,0.32918539324171614,1.366930761914631e-06,0.3294891585647606,2.772059012739449e-06
2.35,-0.08523726815644292,-0.0829299079735871,-0.08523965093025145,0.002307360182855822,2.3827738085263617e-06,1.2554901812446015,1.587212352124714,1.255492030447532,0.33172217088011235,1.849202930559457e-06,0.3317301954366348,3.0161502782502244e-06
2.4000000000000004,-0.02276686543171903,-0.003569290367351402,-0.022769193492693005,0.019197575064367627,2.3280609739752267e-06,1.2412905951592335,1.572054086676937,1.2412929180578995,0.33076349151770357,2.322898666085038e-06,0.33132013855081915,3.288727126328077e-06
2.45,0.038691759734719236,0.07503341396649546,0.03868951215785122,0.036341654231776224,2.2475768680155217e-06,1.2150928172710214,1.5413268630168686,1.2150955997256967,0.32623404574584725,2.7824546753318913e-06,0.32825198923388954,3.5768220249146813e-06
2.5,0.09855066761858593,0.1520997571173389,0.0985485258720329,0.053549089498752964,2.1417465530249036e-06,1.1773935870022096,1.4954936429632322,1.1773968094004141,0.31810005596102253,3.2223982044943256e-06,0.3225758059566016,3.869228409608602e-06
2.5500000000000003,0.15624938555035078,0.2268744392655005,0.15624737424893476,0.07062505371514971,2.0113014160272336e-06,1.128793584822395,1.4351638186804998,1.1287972222368765,0.3063702338581049,3.6374144816164744e-06,0.31440518190153555,4.156454919421886e-06
2.6,0.211259908459692,0.29863263019952546,0.21125805118700663,0.08737272173983346,1.857272685368283e-06,1.069989431897048,1.3610856544537897,1.0699934543094325,0.2910962225567417,4.022412384507845e-06,0.30392598324432624,4.430492435255612e-06
2.6500000000000004,0.26309127921955444,0.36668691292221495,0.26308959823827577,0.1035956337026605,1.6809812786733325e-06,1.001764899068362,1.2741374153248088,1.0017692716559143,0.27237251625644676,4.372587552259333e-06,0.29140837828402283,4.684572548421413e-06
2.7,0.3112937117996599,0.4303937836884554,0.3112922277755591,0.11910007188879546,1.484024100828485e-06,0.9249814277891346,1.1753172844338697,0.9249861112712905,0.2503358566447351,4.683482155876106e-06,0.2772234987261535,4.912975945010284e-06
2.75,0.35546222549451456,0.4891596479101489,0.3554609572375363,0.13369742241563431,1.2682569782707098e-06,0.8405680704047609,1.0657321820075012,0.8405730214453977,0.2251641116027403,4.951040636802517e-06,0.26186614503298405,5.11089807667911e-06
2.8000000000000003,0.395239763955982,0.542446257010524,0.3952387281815512,0.14720649305454198,1.0357744307798455e-06,0.749510960795952,0.9465856087853214,0.7495161324566753,0.19707464798936936,5.171660723224392e-06,0.24598408175642333,5.274362834276682e-06
2.85,0.4303197783772137,0.58977553744979,0.43031898949067926,0.15945575907257636,7.888865344307661e-07,0.652842428842422,0.8191646452075101,0.6528477710815557,0.16632221636508804,5.342239133621085e-06,0.23041097794594484,5.400172305121267e-06
2.9000000000000004,0.4604482598845234,0.6307337697101656,0.4604477297913637,0.17028550982564217,5.300931597007619e-07,0.5516298734446146,0.6848262448134019,0.5516353336560397,0.13319637136878737,5.460211425112327e-06,0.2161907218230949,5.485882569367368e-06
2.95,0.4854252119383497,0.6649750819508357,0.48542494988245644,0.17954987001248596,2.620558932631134e-07,0.446964508957034,0.5449829659751008,0.4469700325425536,0.09801845701806677,5.52358551958454e-06,0.20456239570777227,5.529798394458692e-06
3.0,0.5051055592662708,0.6922242302495907,0.505105571698286,0.1871186709833199,1.2432015195074086e-08,0.3399500988647554,0.4010882902654316,0.339955629833277,0.06113819140067617,5.530968521572088e-06,0.19685343654178264,5.530982493339058e-06
3.0500000000000003,0.5193994954939387,0.7122786447628623,0.5193997859712628,0.19287914926892358,2.904773240830494e-07,0.23169178840687532,0.2546216784102048,0.2316972699933897,0.022929890003329456,5.481586514366477e-06,0.19423734470556503,5.489277528991486e-06
3.1,0.5282722771495509,0.7250097286833725,0.5282728462692599,0.1967374515338216,5.691197089152666e-07,0.12328514465995008,0.1070735158894282,0.12329051995706487,0.016211628770521874,5.3752971147930095e-06,0.19740425968913644,5.405341461496937e-06
3.1500000000000004,0.5317434770421915,0.730363404477844,0.5317443224077104,0.1986199274356525,8.453655189200049e-07,0.015805508393477073,-0.040069900165034894,0.015810720988138405,0.05587540855851197,5.21259466133156e-06,0.20632968001750132,5.280699382081996e-06
3.2,0.5298857151050453,0.7283599094695923,0.5298868313270311,0.19847419436454694,1.1162219857308031e-06,-0.08970224314018538,-0.185341183057303,-0.08969724853222384,0.09563893991711761,4.994607961536501e-06,0.22031525743154057,5.11781791497828e-06
3.25,0.5228228896054056,0.7190928503167271,0.5228242683368833,0.19626996071132152,1.3787314777635729e-06,-0.19223342934779936,-0.3273063412900754,-0.19222870625713157,0.13507291194227605,4.7230906677908635e-06,0.23825740076268262,4.9202119816070195e-06
3.3000000000000003,0.5107279361124741,0.7027275332522234,0.5107295661178792,0.19199959713974923,1.6300054050955026e-06,-0.29083270906603736,-0.46457878452761936,-0.29082830866165615,0.173746075461582,4.4004043812106985e-06,0.25894312896875205,4.692598037209117e-06
3.35,0.4938201457432053,0.6794985940258425,0.49382201300058043,0.18567844828263713,1.8672573751099542e-06,-0.3846025542071351,-0.5958327154875116,-0.38459852471243183,0.21123016128037647,4.029494703294834e-06,0.2812377414060599,4.441112210785e-06
3.4000000000000004,0.47236207794209367,0.6497069582514668,0.47236416577731266,0.17734488030937318,2.0878352189890315e-06,-0.4727109837041568,-0.7198157799829299,-0.4727073698436227,0.24710479627877308,3.6138605341018426e-06,0.3041578322449051,4.173612806860482e-06
3.45,0.44665610636374187,0.6137161692523203,0.4466583956152579,0.16706006288857844,2.2892515160188864e-06,-0.5543984958954993,-0.8353608560335647,-0.5543953383785366,0.2809623601380654,3.1575169626707478e-06,0.3268775189986117,3.900075111218792e-06
3.5,0.4170406392928207,0.5719481264506421,0.41704310850509096,0.15490748715782138,2.469212270261867e-06,-0.6289841466425992,-0.9413968727633575,-0.6289814816903825,0.3124127261207583,2.66495221667995e-06,0.34870910659137444,3.6330399877787118e-06
3.5500000000000003,0.38388605843519347,0.5248782828124742,0.38388868407860094,0.1409922243772807,2.625643407472289e-06,-0.6958707299691693,-1.0369585605982188,-0.695868588890015,0.34108783062904946,2.141079154305281e-06,0.36907955177452545,3.387952663217612e-06
3.6,0.34759042183199346,0.4730303547825632,0.34759317854678806,0.12543993295056977,2.756714794605042e-06,-0.7545490277442056,-1.1211950459487492,-0.7545474365623258,0.36664601820454357,1.591181879811998e-06,0.3875106184917904,3.1829760026485217e-06
3.6500000000000004,0.30857497807589085,0.41697060248512574,0.3085778389374032,0.10839562440923489,2.860861512354873e-06,-0.804601104803303,-1.1933772159862868,-0.8046000839451981,0.3887761111829837,1.0208581049386822e-06,0.40360435579615794,3.037545038891178e-06
3.7,0.26727953994125947,0.3573017416858114,0.2672824767433963,0.09002220174455194,2.936802136810357e-06,-0.8457026358131474,-1.2529037921635862,-0.8457021998552364,0.40720115635043874,4.359579109936007e-07,0.4170333062718987,2.9689840166177694e-06
3.75,0.22415776597799678,0.2946565520776321,0.22416074953183537,0.07049878609963531,2.983553838598052e-06,-0.8776242600336598,-1.2993060646574768,-0.8776244175140232,0.421681804623817,1.574803634163402e-07,0.42753435323061595,2.9877070761162168e-06
3.8000000000000003,0.17967239856788605,0.22969124884475822,0.17967539901200805,0.05001885027687217,3.000444121992185e-06,-0.9002319698248208,-1.3322512537798537,-0.900232723121215,0.43201928395503286,7.532963942624704e-07,0.4349052162161768,3.0935611173542853e-06
3.85,0.13429050641271892,0.16307868615576554,0.13429349353180345,0.02878817974304662,2.9871190845298656e-06,-0.913486548188054,-1.3515444784732082,-0.9134878934635863,0.4380579302851543,1.3452755323051235e-06,0.4390028582807076,3.276071837274234e-06
3.9000000000000004,0.08847877842970521,0.09550146223210512,0.08848172197781953,0.007022683802399912,2.943548114323069e-06,-0.9174420797366168,-1.3571293261348971,-0.9174440069537034,0.4396872463982803,1.9272170865836102e-06,0.4397433259676496,3.5183293194575625e-06
3.95,0.04269891459099107,0.027644995925360266,0.04270178461595991,0.015053918665630807,2.8700249688345947e-06,-0.9122435681724311,-1.3490870320586201,-0.9122460611748919,0.436843463886189,2.493002460801641e-06,0.4371027709901592,3.8015923757416516e-06
4.0,-0.0025968426166195252,-0.03980935567757074,-0.002594075451374009,0.03721251306095121,2.7671652455163627e-06,-0.8981237015306227,-1.3276342906025198,-0.8981267381929955,0.4295105890718971,3.0366623727795528e-06,0.43111960898711105,4.108347826346837e-06
4.05,-0.04696999469153721,-0.10619107020769673,-0.046967358791268024,0.05922107551615952,2.6359002691864197e-06,-0.8753988140666464,-1.2931197336549554,-0.8754023665090487,0.4177209195883089,3.5524424022437273e-06,0.42189797634853987,4.423552559917902e-06
4.1000000000000005,-0.0899998527776626,-0.1708470568904445,-0.08999737531018306,0.08084720411278189,2.477467479541917e-06,-0.8444641006402267,-1.246019124940317,-0.8444681355063659,0.40155502430009027,4.034866139202009e-06,0.4096128757174265,4.734763972308092e-06
4.15,-0.1312873466387791,-0.23314801313746034,-0.13128505324134565,0.10186066649868122,2.2933974334615748e-06,-0.8057881457389762,-1.1869293310634217,-0.8057926245342025,0.3811411853244455,4.478795226359189e-06,0.39451767834924567,5.0318265537939595e-06
4.2,-0.17045854434983074,-0.2924944796906314,-0.17045645885225025,0.12203593534080068,2.0854975804895926e-06,-0.7599068348339008,-1.1165611418146613,-0.7599117143195415,0.3566543069807605,4.879485640763015e-06,0.37695498962400087,5.30647531574777e-06
4.25,-0.2071678536150157,-0.3483225367813645,-0.20716599778202457,0.1411546831663488,1.8558329911155802e-06,-0.7074167205288509,-1.0357310230402417,-0.7074219531684379,0.3283143025113908,5.2326395870716524e-06,0.35737225103991127,5.551993618431346e-06
4.3,-0.2411008793481476,-0.4001090879333766,-0.2410992726438776,0.15900820858522896,1.606704270018522e-06,-0.648967919924519,-0.9453518952231639,-0.6489734543769656,0.2963839752986449,5.53445244666495e-06,0.3363436802012362,5.762956055332316e-06
4.3500000000000005,-0.2719769160533715,-0.4473766826945348,-0.27197557543046763,0.1753997666411633,1.340622903855948e-06,-0.585256622741791,-0.8464230397320253,-0.5852624043960596,0.26116641699023424,5.78165426856625e-06,0.3145997067724181,5.935048091765853e-06
4.4,-0.29955105758200284,-0.48969783468113603,-0.29954999729768156,0.1901467770991332,1.0602843212859092e-06,-0.5170172920246912,-0.7400192423984778,-0.5170232635700488,0.22300195037378667,5.971545357641439e-06,0.29306256450065443,6.064944913215102e-06
4.45,-0.3236159109713675,-0.5266987968010599,-0.3236151424323893,0.20308288582969242,7.685389781797447e-07,-0.44501464066412777,-0.627279290614281,-0.4450207426897228,0.18226464995015323,6.102025595033922e-06,0.27287920613041916,6.150233208865388e-06
4.5,-0.34400290525132715,-0.5580627613317739,-0.3440024368895441,0.21405985608044675,4.6836178302367415e-07,-0.3700354675530666,-0.5093939454417834,-0.3700416391702349,0.1393584778887168,6.171617168315713e-06,0.25542593318737533,6.189363556299337e-06
4.55,-0.3605831902914173,-0.583532458603863,-0.3605830274712053,0.22294926831244577,1.62820211979664e-07,-0.29288043691274523,-0.38759351426659294,-0.29288661639324115,0.09471307735384771,6.179480495915879e-06,0.24223324144900277,6.181625160168955e-06
4.6000000000000005,-0.3732681249145646,-0.6029121343171927,-0.3732682698730989,0.22964400940262808,1.449585342871984e-07,-0.2143558832375466,-0.26313515226048845,-0.21436200866073307,0.04877926902294186,6.125423186481571e-06,0.23476751934824133,6.127138172927777e-06
4.65,-0.3820093575818273,-0.6160688919302171,-0.38200980940279583,0.23405953434838978,4.518209685278052e-07,-0.135265722420143,-0.13729002235184012,-0.13527173232209544,0.0020242999316971155,6.009901952430674e-06,0.23406828791956957,6.026861842238582e-06
4.7,-0.38679850691762707,-0.622933393047809,-0.38679926153860555,0.23613488613018196,7.546209784825564e-07,-0.056403546972894195,-0.011330443518759892,-0.056409380990393845,0.0450731034541343,5.834017499650734e-06,0.24039814704506585,5.882619570174241e-06
4.75,-0.387666453159536,-0.623499915223747,-0.38766750341288303,0.23583346206421102,1.0502533470124753e-06,0.021455020102469215,0.11348284396117712,0.02144942060002296,0.0920278238587079,5.5995024462567045e-06,0.2531531990581218,5.697144876036216e-06
4.800000000000001,-0.3846822552461048,-0.6178257730256882,-0.3846835909328661,0.23314351777958342,1.3356867613056878e-06,0.09755964227977894,0.235913170126703,0.09755433357732979,0.13835352784692406,5.308702449149938e-06,0.2711044052580639,5.474155717362982e-06
4.8500000000000005,-0.37795171166821057,-0.6060301145193531,-0.37795331966416584,0.2280784028511425,1.607995955277275e-06,0.1711921914434155,0.3547600613293066,0.17118722689266375,0.1835678698858911,4.964550751745955e-06,0.2927745219474733,5.218468660330289e-06
4.9,-0.3676155863745377,-0.5882921114528877,-0.36761745076717506,0.22067652507835006,1.8643926373851372e-06,0.2416732141408297,0.4688708830065911,0.24166864360435267,0.22719766886576137,4.570536477038756e-06,0.31672844750462786,4.936168918734219e-06
4.95,-0.35384752391364255,-0.5648485673025582,-0.3538496261685151,0.21100104338891562,2.1022548725713186e-06,0.3083678872088311,0.5771518876370368,0.3083637565418254,0.2687840004282057,4.130667005719513e-06,0.34171081223367916,4.634855495200434e-06
5.0,-0.33685168059041337,-0.5359909729207063,-0.33685399974501795,0.19913929233029293,2.319154604579765e-06,0.3706914139692117,0.6785785633448078,0.3706877645443188,0.30788714937559614,3.649424892893105e-06,0.36667554390829027,4.323977350635798e-06
5.050000000000001,-0.3168601006937995,-0.5020620447534659,-0.3168626135768287,0.18520194405966645,2.5128830292153737e-06,0.42811381868975534,0.772205186662053,0.42811068696995264,0.3440913679722976,3.1317198027069892e-06,0.39076672017525615,4.015252176537077e-06
5.1000000000000005,-0.2941298687991862,-0.4634517854203633,-0.2941325502727353,0.16932191662117713,2.6814735491487163e-06,0.4801641037969733,0.8571734918795051,0.4801615209609752,0.3770093880825318,2.582835998077293e-06,0.4132868134245683,3.723082350384979e-06
5.15,-0.2689400707500365,-0.42059311082638806,-0.26894289397211496,0.15165304007635155,2.8232220784518702e-06,0.5264337413340641,0.9327203791259877,0.526431732958078,0.40628663779192364,2.0083759860733963e-06,0.4336674723940743,3.464701575272304e-06
5.2,-0.24158859717044445,-0.3739570918700887,-0.24159153387492588,0.13236849469964423,2.9367044814265775e-06,0.5665794773079532,0.9981845937087456,0.5665780631070313,0.43160511640079235,1.4142009219231255e-06,0.4514470011999097,3.2594780960759903e-06
5.25,-0.21238882424767405,-0.3240478621846514,-0.21239184503864822,0.11165903793697737,3.02079097416752e-06,0.6003254347893693,1.0530123202085884,0.6003246284209244,0.4526868854192191,8.063684449055586e-07,0.46625439084641823,3.126564916733917e-06
5.300000000000001,-0.18166620704997988,-0.271397246174222,-0.1816692817073278,0.08973103912424213,3.0746573479178974e-06,0.6274645088468311,1.096761646241347,0.6274643177782111,0.46929713739451584,1.9106862003681613e-07,0.47779855854638503,3.0805884218227354e-06
5.3500000000000005,-0.14975482081194716,-0.21655916386215465,-0.14975791860484952,0.0668043430502075,3.0977929023623396e-06,0.6478590535379047,1.1291058625513644,0.6478594789792251,0.4812468090134596,4.2544132039523674e-07,0.4858614117585457,3.1268708292838272e-06
5.4,-0.11699388543269675,-0.16010387073458643,-0.11699697543772539,0.04310998530188968,3.0900050286414293e-06,0.6614408681799403,1.149835578072768,0.6614419050826605,0.48839470989282774,1.0369027202417058e-06,0.4902936502587286,3.2593401676219636e-06
5.45,-0.08372430790048321,-0.10261209183094802,-0.08372735932087887,0.018887783930464808,3.0514203956527597e-06,0.6682104969112908,1.1588596406582299,0.6682121340323233,0.49064914374693913,1.63712103251612e-06,0.49101255650075637,3.4628502286573545e-06
5.5,-0.05028527649248261,-0.044669109798036524,-0.050288258975235575,0.005616166694446083,2.982482752968141e-06,0.6682358620698106,1.156204866211255,0.6682380821002426,0.4879690041414444,2.2200304320429964e-06,0.48800132205879604,3.7180288448248265e-06
5.550000000000001,-0.0170109394161476,0.013141133512526229,-0.01701382336353343,0.03015207292867383,2.8839473858281728e-06,0.6616502580991211,1.1420145908466373,0.661653037855946,0.4803643327475161,2.779756824833335e-06,0.48130971284388435,4.005521255646094e-06
5.6000000000000005,0.015772800923662674,0.07024186305485809,0.015770044051367095,0.054469062131195414,2.7568722955791103e-06,0.6486497384901537,1.1165460723271994,0.6486530491687438,0.46789633383704565,3.31067859005163e-06,0.4710561091288384,4.308240659568345e-06
5.65,0.04775134860888909,0.12606916667121806,0.04774874600266432,0.07831781806232897,2.602606224769155e-06,0.6294899336261399,1.0801667782696838,0.6294937411105538,0.45067684464354385,3.8074844138646924e-06,0.45743119583594755,4.611994874566722e-06
5.7,0.0786243024383961,0.18007750558470226,0.07862187966474057,0.10145320314630615,2.4227736555304524e-06,0.6044823422791132,1.0333496093700465,0.60448660750673,0.42886726709093326,4.265227616762068e-06,0.4407038520488465,4.90530313117571e-06
5.75,0.10810814654727655,0.2317449860532046,0.10810592729030308,0.12363683950592805,2.219256973468031e-06,0.5739901438663783,0.9766671160657051,0.5739948232427923,0.40267697219932685,4.679376414018499e-06,0.42123011765854546,5.178963712786479e-06
5.800000000000001,0.13593872071155527,0.28057834185648983,0.13593672653556818,0.14463962114493456,1.9941759870911735e-06,0.5384235823834375,0.9107847765337501,0.5384286282430306,0.37236119415031266,5.045859593155733e-06,0.3994664928551543,5.425627788683333e-06
5.8500000000000005,0.1618734502635384,0.3261175806831773,0.16187170039849796,0.16424413041963892,1.749865040423515e-06,0.4982349761588041,0.8364534126317772,0.49824033726595196,0.3382184364729731,5.361107147883182e-06,0.3759891556249008,5.639458973233206e-06
5.9,0.18569331831859107,0.36794025131476615,0.18569182947061247,0.1822469329961751,1.4888479785979403e-06,0.4539134102054975,0.7545008282425062,0.4539190322909669,0.30058741803700867,5.622085469392246e-06,0.35152061172663507,5.815884569738863e-06
5.95,0.207204565905823,0.40566529272689145,0.20720335209458893,0.19846072682106844,1.2138112340798202e-06,0.40597916995970157,0.6658227614147029,0.40598499628644563,0.2598435914550013,5.826326744062804e-06,0.32696383914827704,5.951421766314319e-06
6.0,0.22624010857215293,0.4389564307976266,0.22623918099681728,0.21271632222547365,9.27575335651909e-07,0.3549779765912282,0.5713732476410305,0.35498394854351034,0.21639527104980227,5.97195228213554e-06,0.3034388687591768,6.043559386935288e-06
6.050000000000001,0.2426606610603177,0.4675250931796781,0.24266002799516867,0.2248644321193604,6.330651490249473e-07,0.3014750848416323,0.4721544965286846,0.30148114253119834,0.17067941168705225,6.057689566019153e-06,0.2823038689182292,6.090679302111325e-06
6.1000000000000005,0.25635556471556403,0.49113281800611236,0.2563552314363962,0.23477725329054833,3.332791678190006e-07,0.2460493044987566,0.36920638796217525,0.24605538738162383,0.12315708346341867,6.082882867242123e-06,0.26511889006607914,6.092006153993106e-06
6.15,0.26724331532234497,0.5095931374042211,0.2672432840641541,0.2423498220818761,3.125819086902126e-08,0.18928700616185382,0.2635956966017093,0.18929305365922197,0.07430869043985547,6.047497368155685e-06,0.253486129281275,6.0475781509912175e-06
6.2,0.2752717920813158,0.5227729222343065,0.2752720620276043,0.2475011301529907,2.699462884891979e-07,0.13177617090582974,0.15640515518883086,0.1317821230225995,0.024628984283001115,5.952116769764038e-06,0.24872353385600637,5.95823506078565e-06
6.25,0.28041819137931995,0.530593179993748,0.2804187586829593,0.25017498861442805,5.673036393427644e-07,0.0741005418385318,0.048722467638192934,0.07410633977298897,0.02537807420033887,5.797934457166254e-06,0.25145888645730363,5.825622489383198e-06
6.300000000000001,0.28268867185302543,0.5330293033756577,0.2826895296882939,0.25034063152263225,8.578352684862622e-07,0.016833933388691706,-0.05837061771332053,0.01683952012704635,0.07520455110201224,5.586738354643184e-06,0.2613927242629479,5.652214326359195e-06
6.3500000000000005,0.2821177199741613,0.5301107724899916,0.28211885861924757,0.24799305251583031,1.1386450862738151e-06,-0.03946524850385642,-0.16380906603418566,-0.039459927614197754,0.12434381753032923,5.320889658669281e-06,0.2774201489692758,5.441358230463163e-06
6.4,0.27876724796629,0.5219203191882823,0.27876865491523856,0.2431530712219923,1.4069489485679654e-06,-0.09425922526328943,-0.26655503921150026,-0.09425422196756156,0.1722958139482108,5.003295727876167e-06,0.2980088313267977,5.197352545715983e-06
6.45,0.2727254382770895,0.5085925672277073,0.27272709837986103,0.2358671289506178,1.6601027715279493e-06,-0.14703575715778947,-0.36560800226492673,-0.14703111978036035,0.21857224510713727,4.637377429117517e-06,0.3215697884605795,4.925567036608412e-06
6.5,0.2641053510556422,0.49031216711446096,0.26410724668467467,0.22620681605881876,1.8956290324667613e-06,-0.19731270488486455,-0.4600143556651697,-0.19730847785353203,0.26270165078030516,4.227031332515452e-06,0.34667229620228623,4.632623804583988e-06
6.550000000000001,0.2530433131029597,0.4673114493312025,0.25304542434434907,0.2142681362282428,2.111241389379792e-06,-0.2446422030652714,-0.5488765019747585,-0.24463842647809184,0.30423429890948706,3.77658717956586e-06,0.37211469043249545,4.326655859794205e-06
6.6000000000000005,0.2396971085600348,0.43986762423246456,0.23969941342720724,0.20017051567242977,2.304867172453484e-06,-0.28861441204432464,-0.6313612618015038,-0.2886111212832288,0.3427468497571791,3.290761095842143e-06,0.3969176720215878,4.017651213403411e-06
6.65,0.2242439931577438,0.40829956114238936,0.22424646782527294,0.18405556798464556,2.47466752914538e-06,-0.3288608192363,-0.7067075614119667,-0.3288580446312216,0.37784674217566666,2.7746050784149823e-06,0.42029110468687675,3.7178505511885105e-06
6.7,0.20687855516617748,0.372964183071791,0.20688117422120064,0.16608562790561354,2.6190550231619536e-06,-0.36505706627328766,-0.7742333224122052,-0.36505483281999535,0.40917625613891756,2.2334532923107275e-06,0.4415989632966352,3.4420579343299106e-06
6.75,0.18781044723933168,0.33425251695118074,0.1878131839478546,0.14644206971184906,2.7367085229101917e-06,-0.3969252833808809,-0.8333414925783194,-0.39692361051510566,0.43641620919743845,1.6728657752373977e-06,0.46033073700520194,3.207499562171428e-06
6.800000000000001,0.16726201414913472,0.2925854423222648,0.16726484073437758,0.12532342817313008,2.826585242865498e-06,-0.42423591764563817,-0.8835251661169892,-0.42423481907549343,0.459289248471351,1.098570144741906e-06,0.47608042956043056,3.0325633543428665e-06
6.8500000000000005,0.14546584193778536,0.24840918401641535,0.14546872986761333,0.10294334207862998,2.8879298279715915e-06,-0.44680904710995567,-0.9243717512591023,-0.446808530708021,0.47756270414914664,5.164019346581838e-07,0.4885319519464036,2.9337364655685658e-06
6.9,0.12266225428922031,0.20219059645346021,0.12266517456963318,0.0795283421642399,2.9202804128630744e-06,-0.4645151778760782,-0.9555661530372034,-0.4645152456318852,0.49105097516112517,6.775580696505301e-08,0.4974493114017592,2.921066335968633e-06
6.95,0.09909678193178427,0.15441228880160004,0.09909970540339058,0.055315506869815775,2.9234716063114563e-06,-0.4772755265710645,-0.9768929492671513,-0.47727617460409333,0.49961742269608683,6.480330288494152e-07,0.5026702441578822,2.994433675904182e-06
7.0,0.07501763063983494,0.10556764133824248,0.0750205282742318,0.030550010698407543,2.8976343968700746e-06,-0.48506179556898593,-0.9882375480421283,-0.4850630142016472,0.5031757524731424,1.2186326612817489e-06,0.5041023120662966,3.1434615730222057e-06
7.050000000000001,0.05067317290960885,0.05615576393613606,0.05067601610260922,0.005482591026527213,2.8431930003680606e-06,-0.4878954532380334,-0.9895863253489342,-0.4878972271274889,0.5016908721109008,1.7738894554919504e-06,0.5017208287123033,3.3511834085360746e-06
7.1000000000000005,0.02630948765395258,0.006676447668689349,0.02631224851265468,0.01963303998526323,2.7608587020999664e-06,-0.4858465361337882,-0.9810257516291827,-0.4858488444608635,0.4951792154953945,2.3083270753176954e-06,0.4955682715002014,3.598710138314262e-06
7.15,0.00216797130343835,-0.04237483991276979,0.0021706229242236946,0.044542811216208136,2.651620785344786e-06,-0.47903199445396255,-0.9627405261303369,-0.4790348111668209,0.48370853167637434,2.8167128583445056e-06,0.4857550881334717,3.868457588708421e-06
7.2,-0.02151695746808828,-0.09051186621928664,-0.021514440733434993,0.06899490875119836,2.5167346532871393e-06,-0.46761360616608527,-0.9350107476251762,-0.46761690027578173,0.46739714145909095,3.294109696461156e-06,0.4724620463886128,4.145492975193149e-06
7.25,-0.04452003854161444,-0.13726240360054545,-0.04451768083431956,0.09274236505893102,2.3577072948768873e-06,-0.45179548898329647,-0.8982081594288154,-0.45179922490781554,0.4464126704455189,3.735924519077116e-06,0.4559445345774237,4.417682163822707e-06
7.300000000000001,-0.06662721736813745,-0.18217281157198623,-0.06662504108787703,0.11554559420384877,2.176280260418606e-06,-0.43182124276396394,-0.85279151552013,-0.43182538071686283,0.42097027275616605,4.137952898886077e-06,0.43653952270593016,4.6753449033506995e-06
7.3500000000000005,-0.08763754060007263,-0.22481238734799272,-0.08763556618972655,0.13717484674792008,1.97441034607837e-06,-0.40797075792178855,-0.7993011228953302,-0.4079752543411375,0.3913303649735416,4.496419348964942e-06,0.4146762509845972,4.910812883469255e-06
7.4,-0.10736488458411494,-0.2647774434927592,-0.1073631303359124,0.15741255890864428,1.7542482025484363e-06,-0.38055672803236645,-0.738352622967825,-0.38056153604529386,0.35779589493545855,4.808012927404182e-06,0.3908920773497886,5.118044066460365e-06
7.45,-0.12563950292614778,-0.3016950746411505,-0.1256379848110449,0.1760555717150027,1.5181151028775819e-06,-0.3499209069922604,-0.6706300818099167,-0.3499259769100723,0.32070917481765626,5.069917811906244e-06,0.36585507942916207,5.292328418103813e-06
7.5,-0.14230938140166083,-0.3352265787316463,-0.14230811292353288,0.19291719732998547,1.2684781279526103e-06,-0.31643015281451253,-0.5968784652454883,-0.31643543265308477,0.28044831243097573,5.2798385722363506e-06,0.34039433157888915,5.430076621003514e-06
7.550000000000001,-0.1572413906231526,-0.3650705019939207,-0.15724038269911647,0.20782911137076812,1.0079240361227093e-06,-0.28047230142190155,-0.5178955801942492,-0.28047773744181803,0.23742327877234765,5.436019916482682e-06,0.31553566016565393,5.528672842101463e-06
7.6000000000000005,-0.17032222906653194,-0.39096528100363315,-0.17032148993443522,0.2206430519371012,7.391320967220505e-07,-0.24245191462236912,-0.43452356819158006,-0.24245745188311785,0.19207165356921094,5.537260748728068e-06,0.29253183839187374,5.586373855714389e-06
7.65,-0.18145915127888268,-0.41269145941321217,-0.18145868643270333,0.2312323081343295,4.6484617935438344e-07,-0.2027859468207604,-0.3476400406270218,-0.20279152974320652,0.1448540938062614,5.582922446123462e-06,0.2728572682146523,5.602241070311911e-06
7.7,-0.190580478317547,-0.43007346144456327,-0.19058029047115851,0.23949298312701628,1.8784638847191282e-07,-0.16189937494270804,-0.25814894793183896,-0.16190494787401166,0.09624957298913092,5.5729313036267936e-06,0.25811018822911147,5.576096267157281e-06
7.75,-0.19763588968316398,-0.4429809088411552,-0.1976359787626214,0.24534501915799123,8.9079457421537e-08,-0.12022083552970857,-0.16697127668428952,-0.12022634330488496,0.04675044115458095,5.507775176397112e-06,0.2497594486176309,5.5084954881955515e-06
7.800000000000001,-0.20259649818544936,-0.45132947267536966,-0.20259686134965654,0.2487329744899203,3.6316420717885656e-07,-0.07817831202306322,-0.07503566938237267,-0.07818370051746185,0.0031426426406905433,5.3884943986282074e-06,0.24875282672036197,5.40071848233394e-06
7.8500000000000005,-0.20545471129933163,-0.4550812561444883,-0.20545534298866036,0.24962654484515667,6.316893287339198e-07,-0.03619491390606048,0.016730938540348725,-0.03620013057317532,0.052925852446409204,5.216667114837925e-06,0.2551755430062021,5.254773752985732e-06
7.9,-0.2062238846107435,-0.45424470921747084,-0.20622477662288827,0.24802082460672734,8.920121447597573e-07,0.00531521236004575,0.10741257099843941,0.00531021797081449,0.10209735863839367,4.994389231259555e-06,0.2682129752259159,5.073421868888917e-06
7.95,-0.204937774897225,-0.44887408066754886,-0.20493891648930543,0.24393630577032385,1.1415920804225266e-06,0.045950802765219095,0.19611326142196478,0.04594607851599592,0.15016245865674568,4.724249223174437e-06,0.2864501444627176,4.860222546421893e-06
8.0,-0.20164980222119133,-0.4390684175964506,-0.20165118023684986,0.23741861537525927,1.3780156585263548e-06,0.0853271901313683,0.28196581232703527,0.08532278083325712,0.19663862219566697,4.4092981111854e-06,0.30827641276250045,4.619614376595406e-06
8.05,-0.19643213211734606,-0.42497012698009884,-0.19643373113734386,0.22853799486275278,1.5990199977999886e-06,0.12307978076064927,0.3641401795997847,0.12307572774569764,0.2410603988391354,4.053014951627132e-06,0.33217424792474604,4.3570397234220115e-06
8.1,-0.18937459051599975,-0.4067631180001096,-0.1893763930305829,0.21738852748410986,1.8025145831490619e-06,0.15886726366630582,0.44185140140380874,0.1588636043980755,0.2829841377375029,3.6592682303160373e-06,0.3568442154396616,4.079130152846965e-06
8.15,-0.18058342544837214,-0.38467054792991917,-0.18058541204947332,0.20408712248154703,1.986601101178209e-06,0.19237452593423437,0.5143669969757545,0.1923712936606336,0.3219924710415201,3.232273600772828e-06,0.38122264488120605,3.7939658097372752e-06
8.200000000000001,-0.17017993081752578,-0.35895219808113144,-0.17018208040867747,0.18877226726360566,2.14959115169e-06,0.223315251194294,0.5810137666222233,0.22331247464587367,0.3576985154279293,2.776548420319047e-06,0.40445419620420153,3.5114047402428755e-06
8.25,-0.15829894858044544,-0.32990150975002025,-0.15830123860211598,0.1716025611695748,2.290021670542375e-06,0.2514341817710529,0.6411839309060051,0.2514318849074731,0.3897497491349522,2.2968635798314985e-06,0.42585479444373503,3.2434212732714903e-06
8.3,-0.1450872665659134,-0.29784231320472,-0.14508967323384656,0.1527550466388066,2.4066679331635754e-06,0.27650902879544975,0.6943405542378891,0.27650723060228466,0.41783152544243934,1.7981931650923322e-06,0.444878958737295,3.0042551821545746e-06
8.35,-0.1307019298441984,-0.26312528549282554,-0.13070442839820814,0.13242335564862714,2.4985540097444137e-06,0.2983520183525485,0.7400222057940753,0.29835073269010715,0.4416701874415268,1.2856624413415396e-06,0.46109489218150773,2.8099288340963684e-06
8.4,-0.11530848406495611,-0.22612417520312178,-0.11531104902556717,0.11081569113816567,2.564960611059486e-06,0.3168110655772757,0.7778468187767589,0.31681030108251024,0.4610357531994832,7.644947654372736e-07,0.47416672503523916,2.6764669216464533e-06
8.450000000000001,-0.09907916948811986,-0.18723183426428383,-0.09908177491835941,0.08815266477616397,2.605430239555062e-06,0.33177057245056396,0.807514717441848,0.3317703324926416,0.47574414499128403,2.3995792236553015e-07,0.4838423129498149,2.6164568671571735e-06
8.5,-0.08219108454949597,-0.14685609839219144,-0.08219370431914001,0.06466501384269546,2.6197696440383167e-06,0.3431518488550502,0.8288107899458678,0.343152131544561,0.4856589410908176,2.82689510799905e-07,0.4899450694483314,2.6349774851677457e-06
8.55,-0.06482433773110965,-0.10541555889489804,-0.06482694578066593,0.04059122116378838,2.6080495562769146e-06,0.3509131601849959,0.8416057938253887,0.350913958436255,0.4906926336403928,7.982512590931634e-07,0.4923686707585205,2.7274764088145714e-06
8.6,-0.04716020625033919,-0.0633352692036286,-0.04716277685208597,0.01617506295328941,2.5706017467777564e-06,0.35504940843419525,0.8458567897278605,0.3550507100795393,0.49080738129366525,1.3016453440650722e-06,0.4910738418953795,2.8813666795920184e-06
8.65,-0.02937931964783236,-0.02104242971723557,-0.029381827661283954,0.00833688993059679,2.5080134515922947e-06,0.35559145717429375,0.841606707774029,0.35559324512875834,0.48601525059973527,1.7879544645937884e-06,0.48608674899573057,3.0800832197894844e-06
8.700000000000001,-0.01165988574987906,0.021037905671465885,-0.01166230686913013,0.03269779142134495,2.421119251069803e-06,0.3526051141525603,0.8289830595619956,0.3526073666268203,0.4763779454094353,2.2524742600005254e-06,0.47749878788992617,3.306880511882115e-06
8.75,0.005824024284309163,0.06248705864956567,0.005821713293805944,0.05666303436525651,2.310990503218667e-06,0.3461897883532636,0.8081958172364625,0.34619247911224693,0.4620060288831989,2.6907589833480294e-06,0.46546779715454156,3.5469509458737923e-06
8.8,0.02290411603536017,0.1028968495113888,0.02290193711288507,0.07999273347602864,2.178922475098294e-06,0.33647684125361327,0.7795344891618201,0.3364799399177555,0.44305764790820684,3.0986641422203753e-06,0.4502209643929518,3.788063175129318e-06
8.85,0.03941942227495871,0.1418735739694798,0.039417395855659274,0.1024541516945211,2.026419299437643e-06,0.3236276546396856,0.743364429476306,0.3236311270253794,0.41973677483662036,3.4723856937590725e-06,0.43205996499292976,4.020427537384056e-06
8.9,0.05521775023247233,0.1790417954432951,0.05521589505550757,0.12382404521082277,1.8551769647573435e-06,0.3078314397087772,0.7001224260928839,0.3078352482042157,0.3922909863841067,3.8084954385175784e-06,0.411369192053303,4.236309605750679e-06
8.950000000000001,0.07015701340317763,0.2140479167479393,0.07015534633868381,0.14389090334476168,1.667064493823811e-06,0.2893028142543479,0.6503116184823672,0.28930691822661564,0.3610088042280193,4.103972267743838e-06,0.3886282912958292,4.4296379537134345e-06
9.0,0.08410643700954945,0.24656349767205765,0.08410497290599626,0.1624570606625082,1.464103553186491e-06,0.2682791764932978,0.594495802763132,0.2682835327223036,0.32621662626983416,4.356229005797463e-06,0.3644304924316495,4.595686060361876e-06
9.05,0.09694762769250115,0.27628828781021425,0.0969463792458094,0.1793406601177131,1.248446691748395e-06,0.2450179055415387,0.5332931871734578,0.24502246867613636,0.28827528163191907,4.563134597651564e-06,0.33950804168888155,4.730836765142316e-06
9.1,0.1085754995391863,0.30295294716888715,0.10857447718472961,0.19437744762970086,1.0223544566895226e-06,0.2197934196645037,0.46736966586794576,0.2197981426959728,0.24757624620344207,4.723031469117123e-06,0.31476434015184196,4.832415016674745e-06
9.15,0.11889905013143126,0.32632143046228446,0.1188982619598057,0.2074223803308532,7.881716255625504e-07,0.1928941242198514,0.39743168311680943,0.19289895896777684,0.20453755889695804,4.834747925452909e-06,0.29130680881442456,4.89857142583561e-06
9.200000000000001,0.12784198190759785,0.3461930146181249,0.12784143360479053,0.21835103271052705,5.483028073238749e-07,0.16461928166882359,0.3242187633620163,0.16462417927433434,0.15959948169319274,4.897605510756353e-06,0.27046102869450417,4.9282020765701396e-06
9.25,0.1353431657541022,0.3624039527862257,0.1353428605664385,0.2270607870321235,3.051876637238937e-07,0.1352758361625556,0.248495785171151,0.13528074758385053,0.11321994900859542,4.911421294939711e-06,0.253722994348475,4.920894090150337e-06
9.3,0.14135694536461962,0.3748287420447833,0.1413568840886052,0.23347179668016366,6.127601442917907e-08,0.10517522501530549,0.17104507891048282,0.10518010152044123,0.06586985389517733,4.876505135739673e-06,0.24258589715240186,4.876890104240583e-06
9.35,0.1458532825091258,0.3833809959903074,0.14585346350605793,0.2375277134811816,1.8099693213646795e-07,0.07463020886653302,0.0926584289233165,0.07463500251848304,0.01802822005678348,4.79365195002468e-06,0.23821089687504665,4.797067740549244e-06
9.4,0.14881774492592476,0.38801391743647323,0.1488181641608807,0.23919617251054848,4.192349559450914e-07,0.043951751519059806,0.014129061146788677,0.04395641564824014,0.02982269037227113,4.664129180334542e-06,0.24104813171799613,4.682932730579679e-06
9.450000000000001,0.15025134007269922,0.38872037049381264,0.15025199117728044,0.23846903042111342,6.511045812229721e-07,0.013445979335661004,-0.06375630356344175,0.013450468995227127,0.07720228289910276,4.489659566122087e-06,0.25065448520786343,4.536626521476185e-06
9.5,0.15017019943339543,0.38553255531564057,0.15017107379135847,0.23536235588224513,8.743579630321463e-07,-0.016588751302421847,-0.14022525159093546,-0.016584478902920023,0.12363650028851361,4.272399501823593e-06,0.2658597802790641,4.360951656542435e-06
9.55,0.14860511946309324,0.3785212927360938,0.14860620631778315,0.22991617327300057,1.0868546899134301e-06,-0.045864651604852646,-0.2145272576222449,-0.04586063669165189,0.16866260601739225,4.0149132007546995e-06,0.28514649112531354,4.159420768157648e-06
9.600000000000001,0.14560096655078972,0.3677949298549816,0.14560225313307537,0.22219396330419186,1.2865822856533704e-06,-0.07410713804620137,-0.28594097101701876,-0.07410341790320824,0.2118338329708174,3.720142993129949e-06,0.306991417013461,3.936338129161531e-06
9.65,0.14121595457907507,0.3534978813041306,0.14121742625429246,0.21228192672505555,1.4716752173848935e-06,-0.10105728717852572,-0.3537811375676747,-0.10105389580244002,0.252723850389149,3.39137608569573e-06,0.33004993708470665,3.6969257093014142e-06
9.700000000000001,0.13552080475013045,0.3358088244257469,0.135522445182363,0.20028801967561644,1.6404322325525023e-06,-0.1264740869194219,-0.41740509107714735,-0.12647105471125014,0.29093100415772544,3.032208171771522e-06,0.35320835211784357,3.4475069697616544e-06
9.75,0.12859779832068383,0.3149385698718895,0.12859958965254667,0.18634077155120568,1.791331862843748e-06,-0.15013646607490366,-0.47621875414075376,-0.15013381957063035,0.3260822880658501,2.6465042733125888e-06,0.37556962301623736,3.195755734016767e-06
9.8,0.12053973373720533,0.2911276321648518,0.12054165678316443,0.1705878984276465,1.923045959098535e-06,-0.17184508641148474,-0.5296820930323166,-0.1718428480542295,0.35783700662083184,2.238357255240908e-06,0.396418408247294,2.9509911831272583e-06
9.850000000000001,0.11144880038079784,0.264643527513236,0.11145083483193592,0.15319472713243815,2.0344511380832042e-06,-0.19142388425137905,-0.5773139776046406,-0.19142207220692745,0.38589009335326163,1.812044451598993e-06,0.4151864503682305,2.7244259079334017e-06
9.9,0.10143538171440622,0.23577782863300395,0.10143750635245131,0.13434244691859773,2.1246380450951063e-06,-0.20872135130048877,-0.6186964035551951,-0.20871997931762928,0.4099750522547063,1.3719828594882522e-06,0.4314248909315797,2.529115218687183e-06
9.950000000000001,0.09061680107003159,0.2048430084552442,0.0906189939883992,0.11422620738521261,2.192918367616148e-06,-0.22361154720224893,-0.653478041210692,-0.22361062451886485,0.429866494008443,9.226833840858539e-07,0.4447840252580126,2.3791249639933573e-06
10.0,0.07911602361896251,0.1721691063947096,0.07911826244850045,0.09305308277574707,2.238829537939968e-06,-0.23599483911288188,-0.681377082077527,-0.23599437040830007,0.4453822429646451,4.6870458181302865e-07,0.4549991412764295,2.2873656649003493e-06
