t,x_exacta,x_euler,x_rk4,error_x_euler,error_x_rk4,y_exacta,y_euler,y_rk4,error_y_euler,error_y_rk4,error_norma_euler,error_norma_rk4
0.0,1.0,1.0,1.0,0.0,0.0,0.0,0.0,0.0,0.0,0.0,0.0,0.0
0.02,1.0584404814108952,1.06,1.0584404866666666,0.001559518589104858,5.255771373668949e-09,-0.0848563426624556,-0.08,-0.08485642666666667,0.004856342662455604,8.400421105947409e-08,0.005100604109804053,8.416846564157474e-08
0.04,1.1130956537992795,1.1172,1.1130956506685348,0.004104346200720421,3.130744774537675e-09,-0.17963077635683483,-0.16960000000000003,-0.17963095507572194,0.010030776356834803,1.7871888710607742e-07,0.010837994835586711,1.7874630673465156e-07
0.06,1.162902688952426,1.170664,1.1629026612337077,0.007761311047573827,2.7718718431657408e-08,-0.2845817116182227,-0.26915200000000006,-0.2845819949646854,0.015429711618222652,2.833464626816884e-07,0.017271767419656466,2.8469904331718247e-07
0.08,1.2067147186922864,1.2193716799999998,1.2067146475157928,0.012656961307713432,7.11764935878989e-08,-0.39989247290276636,-0.37895424000000005,-0.39989286964044213,0.020938232902766307,3.9673767576742236e-07,0.02446647229650079,4.030718008156916e-07
0.1,1.2433022950695025,1.2622176416,1.2433021588172437,0.018915346530497423,1.362522588088666e-07,-0.5256597791969788,-0.49924122880000005,-0.5256602965512759,0.02641855039697877,5.17354297069339e-07,0.03249200116100127,5.349954642112662e-07
0.12,1.2713559133852255,1.298011401792,1.2713556876463592,0.026655488406774452,2.257388662663118e-07,-0.6618816753350303,-0.6301731138560001,-0.6618823185672605,0.03170856147903023,6.432322302574178e-07,0.04142400189833337,6.816932871791622e-07
0.14,1.289489706763817,1.3254782367910398,1.289489364331381,0.03598853002722291,3.4243243596243644e-07,-0.8084449721108153,-0.7718244128307201,-0.8084457440564058,0.03662055928009522,7.719455904497963e-07,0.05134432447220718,8.444879915156004e-07
0.16,1.2962464224243138,1.3432609779720446,1.2962459333398964,0.04701455554773082,4.890844174099129e-07,-0.965112265892049,-0.9241721365438464,-0.9651131664644901,0.04094012934820257,9.005724410648952e-07,0.06234150001722949,1.0248093915254573e-06
0.18,1.290103790235667,1.3499228657268596,1.290103121888839,0.0598190754911927,6.683468278811944e-07,-1.1315086219225599,-1.0870833429742408,-1.1315096475855044,0.04442527894831905,1.0256629445759557e-06,0.07451125554073673,1.2242025805458322e-06
0.2,1.2694823934596762,1.343951570232532,1.2694815107492436,0.0744691767728558,8.827104325259683e-07,-1.3071080198026634,-1.2603021728108441,-1.3071091630134277,0.04680584699181933,1.143210764276148e-06,0.08795706681016853,1.4443367194830421e-06
0.22,1.2327551496508962,1.3237644906216164,1.2327540152151877,0.09100934097072022,1.1344357084830392e-06,-1.4912196747193418,-1.4434364287980974,-1.4912209233479743,0.04778324592124439,1.2486286324886464e-06,0.10279075218469282,1.68701447490882e-06
0.24,1.178258506355275,1.2877154457550655,1.1782570808787742,0.1094569393997904,1.4254765008381298e-06,-1.6829743637970214,-1.6359437737757125,-1.6829757005260924,0.04703059002130883,1.3367290709886959e-06,0.11913311034520092,1.9541821470037075e-06
0.26,1.1043054513866712,1.2341028705983124,1.1043036939903015,0.12979741921164112,1.7573963697614658e-06,-1.8813109033797508,-1.8371176358626604,-1.8813123050910818,0.04419326751709041,1.4017113310060836e-06,0.13711460508581724,2.2479405365626613e-06
0.28,1.0092004309185778,1.1611796319651984,1.0091982996408335,0.15197920104662055,2.13127774428834e-06,-2.0849629400437153,-2.046072923662285,-2.08496437719941,0.038890016381430303,1.437155694894443e-06,0.156876100553644,2.570556615728649e-06
0.3,0.8912562602626721,1.0671645759901274,0.8912537126385822,0.17590831572745524,2.547624089910272e-06,-2.29244623556487,-2.261731669639238,-2.2924476715912045,0.03071456592563182,1.4360263347334978e-06,0.17856965056265878,2.9244760449590395e-06
0.32,0.7488131018725486,0.950255916978396,0.7488100956171047,0.20144281510584738,3.0062554439158617e-06,-2.5020466438007842,-2.4828087358968025,-2.5020480344847718,0.01923790790398172,1.390683987523289e-06,0.2023593458634681,3.312336599324928e-06
0.34,0.5802595726689597,0.8086465731253555,0.5802560664711469,0.22838700045639582,3.5061978127526316e-06,-2.7118089953396507,-2.7077977334088823,-2.7118102882494313,0.004011261930768395,1.2929097805702838e-06,0.22842222352421618,3.736982579949449e-06
0.36,0.3840560280953449,0.6405415488401662,0.38405198252825634,0.25648552074482134,4.045567088550861e-06,-2.9195271236532636,-2.934957323263444,-2.919528257594799,0.015430199610180217,1.1339415353361915e-06,0.2569492428705564,4.20148027170502e-06
0.38,0.15876005324893816,0.4441774559095007,0.15875543180065163,0.28541740266056254,4.621448286529217e-06,-3.122735284173368,-3.1622980865664636,-3.1227361886973215,0.03956280239309562,9.045239535154792e-07,0.2881463327455285,4.709134511515584e-06
0.4,-0.09694582812833175,0.21784425633875365,-0.09695105789948197,0.3147900844670854,5.229771150222495e-06,-3.3187012349788514,-3.3875701682332116,-3.3187018299529316,0.06886893325436017,5.949740802257963e-07,0.3222355151847609,5.263506477609774e-06
0.42,-0.38422423818460905,-0.04009070173957807,-0.3842301033679092,0.344133536445031,5.865183300146626e-06,-3.504421264398597,-3.6082519188343047,-3.504421459662035,0.10383065443570771,1.9526343786324674e-07,0.35945611096031016,5.868432751125724e-06
0.44,-0.7040508592792565,-0.3311562973506972,-0.7040573802016179,0.3728945619285593,6.5209223614193235e-06,-3.6766174665420177,-3.8215397778251967,-3.67661716166023,0.144922311283179,3.048817878159582e-07,0.4000660328290203,6.528045752612371e-06
0.46,-1.0571802420129521,-0.6567488574177548,-1.0571874307016882,0.40043138459519734,7.18868873605949e-06,-3.831737580283647,-4.024339660706652,-3.8317366644224684,0.19260208042300553,9.158611784521042e-07,0.44434317273037593,7.246795667199694e-06
0.48,-1.4441096013994343,-1.0181009617193522,-1.444117459920321,0.4260086396800822,7.858520886694365e-06,-3.965957720243419,-4.213260131755631,-3.965956072183568,0.24730241151221222,1.648059851255823e-06,0.49258688961626823,8.02947394291388e-06
0.5,-1.8650407290091051,-1.4162478299629637,-1.8650492476843614,0.4487928990461414,8.518675256308228e-06,-4.075188339491214,-4.384607662723421,-4.075185827804816,0.30941932323220733,2.511686397532742e-06,0.545119605062703,8.881238465551359e-06
0.52,-2.3198401852132435,-1.8519913127786152,-2.3198493407264946,0.46784887243462836,9.155513251091207e-06,-4.1550837727109196,-4.534384296089789,-4.155080256122982,0.37930052337886977,3.516587937291149e-06,0.6022885143133959,9.807640573125032e-06
0.54,-2.807997974841823,-2.3258615352325154,-2.808007728239711,0.48213643960930774,9.753397888001558e-06,-4.2010557150121635,-4.658288048832888,-4.201051042970795,0.45723233382072426,4.672041368891655e-06,0.6644674209397221,1.0814653989578597e-05
0.56,-3.328584951589555,-2.8380762712530974,-3.3285952461925756,0.49050868033645756,1.0294603020710724e-05,-4.208290995082815,-4.75171640894426,-4.208285008562709,0.5434254138614447,5.986520106304738e-06,0.7320587038727807,1.190870582125603e-05
0.58,-3.880209241279604,-3.3884981602438238,-3.8802200005179572,0.4917110810357803,1.0759238353141853e-05,-4.171774001519417,-4.809773291780668,-4.171766534083595,0.6379992902612512,7.46743582169529e-06,0.8054954261740014,1.309670980402546e-05
0.6,-4.460972021498273,-3.9765899132009066,-4.460983146691879,0.4843821082973667,1.112519360546571e-05,-4.086314117525625,-4.827279836468002,-4.086304996670668,0.7409657189423777,9.120854956634616e-06,0.8852435955636146,1.438610190076038e-05
0.62,-5.068423044978396,-4.601367694910401,-5.068434413083969,0.46705535006799526,1.136810557245127e-05,-3.9465785112860763,-4.79878943360001,-3.9465675600960384,0.852210922313934,1.0951190037911118e-05,0.971804587423986,1.578487844593177e-05
0.64,-5.699516346219029,-5.2613529112930255,-5.699527807571012,0.43816343492600307,1.146135198304421e-05,-3.7471306167485405,-4.718607384023179,-3.7471176558822608,0.9714767672746385,1.296086627977644e-05,1.0657177417405304,1.730163703241625e-05
0.66,-6.3505666249171915,-5.954522676692461,-6.350578000993407,0.39604394822473044,1.1376076215263708e-05,-3.482474621815779,-4.580815594161128,-3.4824594718515023,1.0983409723453486,1.5149964276872652e-05,1.1675631462400475,1.894562027609564e-05
0.68,-7.017206855531503,-6.678259284826899,-7.017217936778894,0.3389475707046046,1.108124739079841e-05,-3.1471062575911564,-4.379302715675398,-3.1470887417512037,1.2321964580842417,1.7515839952686463e-05,1.2779646188380582,2.0726762723208943e-05
0.7000000000000001,-7.694347729318009,-7.429299059170544,-7.694358273078219,0.2650486701474648,1.0543760209813513e-05,-2.7355701528696432,-4.10780013582977,-2.7355501001460354,1.3722299829601265,2.0052723607832945e-05,1.397592903417046,2.265574107051428e-05
0.72,-8.376139593031377,-8.203681013587158,-8.376149321610637,0.1724585794442195,9.728579259515868e-06,-2.2425239820534335,-3.7599242192459124,-2.2425012307530965,1.5174002371924789,2.2751300337020552e-05,1.5271690939302396,2.4744027995336445e-05
0.74,-9.055937606663004,-8.99669581194206,-9.055946205595543,0.05924179472094515,8.598932538461668e-06,-1.6628095916451489,-3.3292251913136943,-1.6627839933706037,1.6664155996685455,2.5598274545179933e-05,1.667468302865286,2.700394972020615e-05
0.76,-9.726270900514612,-9.802835575963678,-9.726278017073659,0.07656467544906675,7.116559046949078e-06,-0.9915312399945325,-2.809243037837151,-0.9915026640723288,1.8177117978426187,2.857592220373295e-05,1.8193235912126424,2.9448747723163215e-05
0.78,-10.378816568934107,-10.61574515354847,-10.378821810950402,0.23692858461436295,5.242016294815244e-06,-0.2241410266328124,-2.193570774030286,-0.22410936499658918,1.9694297473974736,3.166163622322915e-05,1.9836301782694883,3.209264624750045e-05
0.8,-11.004379393458667,-11.428175524683802,-11.004382328505105,0.42379613122513504,2.9350464387789543e-06,0.6434684790710833,-1.4759254081882256,0.643503306533766,2.1193938872593088,3.4827462682684995e-05,2.1613499508856764,3.4950917792121066e-05
0.8200000000000001,-11.592878241087991,-12.231940088819888,-11.59287839610837,0.639061847731897,1.5502037875592123e-07,1.6148644753597228,-0.6502268907048149,1.6149025150099645,2.2650913660645378,3.8039650241739054e-05,2.353516293091386,3.803996611238853e-05
0.84,-12.13334013316052,-13.017874645405467,-12.13333699460567,0.8845345122449473,3.138554848902686e-06,2.6929671811829876,0.28931470295848727,2.693008439381325,2.4036524782245,4.125819833733502e-05,2.5612392585284156,4.137740272881376e-05
0.86,-12.613903025759358,-13.775801947893116,-12.61389604031202,1.1618989221337586,6.985447337015671e-06,3.879936347654663,1.3481035567684339,3.87998078408092,2.531832790886229,4.4436426256844186e-05,2.785711109620368,4.498213482015022e-05
0.88,-13.021828382829986,-14.494501780225228,-13.021816958798157,1.4726733973952424,1.1424031828966008e-05,5.177051373120061,2.531053926005989,5.177098893685618,2.6459974471140715,4.752056555723527e-05,3.028212249088533,4.8874458095294764e-05
0.9,-13.34352465707403,-15.161687572958263,-13.34350816653646,1.8181629158842334,1.649053757013519e-05,6.5845854789992515,3.842477303984367,6.5846359283850795,2.7421081750148844,5.0449385827988635e-05,3.290117571178896,5.307615622643845e-05
0.92,-13.564582820055417,-15.76399064301701,-13.564560601845784,2.199407822961593,2.2218209632995922e-05,8.101674524908777,5.28596094806009,8.101727678772491,2.8157135768486867,5.315386371407271e-05,3.5729032618522822,5.761060724406547e-05
0.9400000000000001,-13.669825100572073,-16.286953205753225,-13.669796464190084,2.617128105181152,2.863638198924434e-05,9.726181172230726,6.864237856385056,9.726236729136842,2.8619433158456697,5.5556906115583615e-05,3.878154079203506,6.250289745739545e-05
0.96,-13.643368097904336,-16.715031369587614,-13.643332328442991,3.0716632716832777,3.5769461344870024e-05,11.45455524509547,8.579048384228418,11.454612818234612,2.875506860867052,5.7573139141453566e-05,4.20757114752698,6.777994331292498e-05
0.98,-13.468701432688073,-17.031609381024598,-13.468657796866681,3.562907948336525,4.363582139177424e-05,13.281691286352359,10.430993796849133,13.281750395127967,2.8506974895032258,5.9108775607441544e-05,4.5629803007441945,7.347062176370702e-05
1.0,-13.128783081462345,-17.219026440138144,-13.128730834853217,4.090243358675799,5.224660912794832e-05,15.200784463068196,12.419382175142049,15.200844524642683,2.781402287926147,6.00615744872357e-05,4.946341013362533,7.960590992667803e-05
1.02,-12.606152509945973,-17.25861745253507,-12.606090905480968,4.652464942589097,6.160446500480532e-05,17.203186140814825,14.542067220861624,17.203246461721264,2.6611189199532017,6.032090643870447e-05,5.359755959757259,8.621903422165677e-05
1.04,-11.883062673315397,-17.130769122018243,-11.882990971153873,5.247706448702846,7.170216152374564e-05,19.27826061772448,16.795280650316126,19.278320385665147,2.4829799674083546,5.97679406659779e-05,5.805481245367057,9.33456303135244e-05
1.06,-10.94163188766603,-16.81499281731405,-10.941549366501011,5.873360929648019,8.252116501950013e-05,21.413244687075338,19.173459019096555,21.41330296304372,2.239785667978783,5.827596838159366e-05,6.285937356385204,0.00010102391383721023
1.08,-9.764016493920575,-16.29001566482517,-9.763922463792053,6.525999170904594,9.403012852260417e-05,23.593111879903645,21.669065985627473,23.593167590782976,1.9240458942761727,5.571087933020635e-05,6.8037208777204,0.00010929486330895094
1.1,-8.332605132174454,-15.533891325864483,-8.332498948850008,7.201286193690029,0.00010618332444600753,25.800443425516416,24.272411197951136,25.80049535732435,1.52803222756528,5.1931807934835206e-05,7.361617032412698,0.00011820241565123242
1.12,-6.630235319346672,-14.52413190958026,-6.630116400317823,7.893896590233589,0.0001189190288490849,28.01530815628498,26.971467175897363,28.01535494825063,1.0438409803876176,4.679196564794097e-05,7.962613099331027,0.00012779367539752338
1.1400000000000001,-4.640432874572745,-13.237862450083288,-4.6403007167021775,8.597429575510542,0.0001321578705670845,30.215153772004168,29.751685759217626,30.215193911680835,0.46346801278654226,4.0139676666939295e-05,8.609912769868211,0.0001381191384122877
1.16,-2.3476745636416854,-11.651999336350874,-2.347528762480277,9.304324772709188,0.00014580116140816557,32.374712066451266,32.595815900777346,32.374743886085284,0.2211038343260796,3.181963401743815e-05,9.306951508501783,0.00014923293127515005
1.18,0.26232586537218944,-9.743454024469738,0.26248559459808884,10.005779889841927,0.00015972922589940763,34.465920902386266,35.48372480173206,34.4659425767781,1.0178038993457932,2.1674391831538742e-05,10.057412986523355,0.0001611930670583914
1.2,3.2023083095011686,-7.489363281799358,3.2024821092533062,10.691671591300526,0.00017379975213760446,36.457865898670434,38.392224611793566,36.45787544478133,1.9343587131231317,9.546110895541915e-06,10.865246662973561,0.00017406171915824206
1.22,6.483133910174148,-4.867347109763834,6.483321756361917,11.350481019937982,0.0001878461877691251,38.31674496178091,41.29490715104513,38.316740240351905,2.978162189264218,4.72142900775907e-06,11.73468659187519,0.00018790551389267083
1.24,10.113430217123064,-1.8557953642660534,10.113631893331434,11.969225581389118,0.0002016762083698609,40.00585895083775,44.161989348888945,40.005837670303194,4.1561303980511966,2.1280534554080077e-05,12.670271540254568,0.00020279584358006686
1.26,14.09921482336566,1.565816061789099,14.099429893653898,12.53339876157656,0.00021507028823819496,41.485631907184214,46.96017233896357,41.48559163017324,5.474540431779353,4.0277010974421046e-05,13.676866507203897,0.00021880920112256225
1.28,18.44349872184361,5.416578812613531,18.443726502250655,13.026919909230081,0.00022778040704451996,42.713664403152194,49.652517394358256,42.71360255588251,6.938852991206062,6.184726968427867e-05,14.759685740389743,0.0002360275378017724
1.3,23.145871009012886,9.713774932919003,23.14611053794147,13.432096076093883,0.00023952892858503105,43.644823666260685,52.19834213301067,43.64473755113657,8.553518466749985,8.611512411249578e-05,15.924317352980934,0.00025453864584774443
1.32,28.202066965921183,14.472468799534997,28.202316973613165,13.729598166386186,0.0002500076919815797,44.23137421084882,54.55314066635779,44.231261022582544,10.321766455508971,0.00011318826627615408,17.17674965098185,0.0002744365676664791
1.34,33.603521982659686,19.705068180815722,33.60378086001568,13.898453801843964,0.0002588773559963897,44.423152754946706,56.66853160237646,44.42300960052114,12.245378847429755,0.0001431544255652284,18.52339928844247,0.00029582203265915137
1.36,39.33691425674892,25.42085479985478,39.33718002379427,13.91605945689414,0.0002657670453487526,44.16779121170951,58.49223804405379,44.167615134502945,14.324446832344279,0.00017607720656798165,19.971141376007303,0.0003188029251217586
1.3800000000000001,45.38369968883786,31.625485131370368,45.38396996318159,13.75821455746749,0.000270274343733945,43.4109915175232,59.96810394270864,43.41077952590677,16.557112425185437,0.00021199161643181696,21.527341676796517,0.0003434947835385412
1.4000000000000001,51.719642918389944,38.320462554669284,51.71991488407825,13.39918036372066,0.0002719656883058974,42.09685598824531,61.03615136876152,42.096605088957205,18.939295380516214,0.0002508992881047334,23.199891032717375,0.0003700213350432142
1.42,58.314348985691694,45.50258241745036,58.314619362909085,12.811766568241332,0.00027037721739020526,40.168276776220424,61.632683446513674,40.16798401280331,21.46440667029325,0.00029276341711437226,24.99724217402463,0.0003985150663201508
1.44,65.13080067186306,53.16335203821848,65.13106568798919,11.96744863364458,0.0002650161261357198,37.56738782880031,61.690437859908464,37.56705032536715,24.123050031108157,0.0003375034331583038,26.928449075323087,0.00042911783289164917
1.46,72.12490715233902,61.288388189304264,72.1251625149314,10.836518963034756,0.0002553625923837899,34.23608251917263,61.13879596844549,34.23569752973806,26.90271344927286,0.00038498943457199175,29.003209032276043,0.00046198151296456826
1.48,79.24507019770616,69.85679515813815,79.24531107003082,9.388275039568,0.00024087232466740716,30.116599827398513,59.90405267140788,30.11616479097906,29.78745284400937,0.00043503641945363825,31.23190764510963,0.0004972687030587414
1.5,86.43177476428343,78.84052708133908,86.43199574408177,7.591247682944356,0.00022097979834256876,25.152181588762453,57.9097522190413,25.15169419040615,32.75757063027885,0.0004873983563022932,33.62566690760966,0.0005351534630381266
1.52,93.61721143031221,88.20373888374273,93.6174065325478,5.41347254656948,0.0001951022355939358,19.287802893019975,55.077095185676654,19.287261130873336,35.78929229265668,0.0005417621466392575,36.196396613774645,0.0005758221130391989
1.54,100.7249387461426,97.90213083162142,100.72510139053388,2.822807914521178,0.00016264439128121921,12.470977207210087,51.325421786117836,12.470379465675993,38.854444578907746,0.0005977415340936432,38.95684930866069,0.0006194740830703576
1.56,107.66959417176115,107.88229242440813,107.66971717598067,0.21269825264698738,0.0001230042195174974,4.652637201989069,46.57277662675519,4.651982330929703,41.92013942476612,0.0006548710593667906,41.92067902525566,0.000666322851488144
1.58,114.35666286517072,118.08105210001304,114.3567384445265,3.72438923484232,7.557935578006436e-05,-4.211908417462865,40.736559830407856,-4.212621017450375,44.94846824787072,0.000712599987509499,45.10250406576615,0.0007165968051970841
1.6,120.68231415161968,128.42484001244645,120.6823339263956,7.742525860826774,1.977477592163268e-05,-14.161942542860036,33.734269252231286,-14.162712829509548,47.89621179509132,0.0007702866495122862,48.51797410265412,0.0007705404364338152
1.62,126.53331603923839,138.82907195337174,126.533271050505,12.295755914133352,4.498873339287002e-05,-25.230233085726137,25.484338206369447,-25.231060278573697,50.714571292095584,0.0008271928475593882,52.183841894220386,0.0008284153506458604
1.6400000000000001,131.78703863891258,149.1975633270836,131.7869193739707,17.410524688171023,0.00011926494187264325,-37.441854477407404,15.907072742481875,-37.442736956160175,53.348927219889276,0.0008824787527714761,56.11803992862238,0.0008905014741441954
1.6600000000000001,136.31155778723425,159.42198294610716,136.3113542157666,23.110425158872914,0.00020357146763672063,-50.81294058719775,4.925692040864099,-50.813875785493416,55.73863262806185,0.0009351982956644633,60.33976233189775,0.0009570983202625973
1.68,139.9658705480351,169.38135728614273,139.96557217008757,29.41548673810763,0.00029837794753007074,-65.34937355346341,-7.532525072372627,-65.35035784866142,57.81684848109078,0.000984295198009022,64.86955239806419,0.001028526342101104
1.7,142.60023456892793,178.94163671752148,142.59983047586059,36.341402148593545,0.0004040930673454568,-81.04541427610101,-21.534985159606403,-81.04644287588708,59.510429116494606,0.0010285997860677298,69.72939612355128,0.0011051283757895457
1.72,144.05664348140925,187.95533610780424,144.05612243096215,43.89869262639499,0.0005210504471051536,-97.88228167086973,-37.1424152065845,-97.88334849761009,60.73986646428523,0.001066826740355964,74.94282215399889,0.001187271183162049
1.74,144.16945064285423,196.26126305774574,144.16880114946525,52.09181241489151,0.0006494933889769072,-115.82668923537378,-54.407387007603916,-115.82778680932066,61.41930222776986,0.001097573946879038,80.53500857896758,0.001275347102240146
1.76,142.7661535119523,203.68434788060216,142.7653639534425,60.918194368649864,0.0007895585098083302,-134.82934901972752,-73.37273127267981,-134.8304683423411,61.4566177470477,0.0011193226135901568,86.53289703946899,0.0013697758041756507
1.78,139.66835081099896,210.03559025162392,139.66740955270126,70.36723944062496,0.0009412582977006423,-154.8234547277692,-94.06984297948878,-154.8245851666174,60.753611748280406,0.0011304388482074046,92.96531464452234,0.0014710061769166011
1.8,134.6928843436948,215.11213822836226,134.69177988104562,80.41925388466746,0.0011044626491809595,-175.72315739127626,-116.51688077838803,-175.7242865681514,59.20627661288823,0.0011291768751391373,99.86310422637801,0.0015795183312595047
1.82,127.65317689003966,218.69751605979295,127.6518980105708,91.04433916975329,0.0012788794688560756,-197.42204885232817,-140.71686468336028,-197.4231625364257,56.70518416896789,0.0011136840975325413,107.2592634996793,0.0016958257472271345
1.84,118.3607769745867,220.5620178487117,118.35931294015865,102.20124087412499,0.001464034428053651,-219.79167014851646,-166.65567784914532,-219.7927521567217,53.13599229937114,0.0010820082052305224,115.18909372787749,0.0018204775644628409
1.86,106.62712048467326,220.46328469170277,106.62546123466211,113.83616420702951,0.0016592500111443087,-242.68006381085056,-194.29997994799098,-242.68109591739017,48.38008386285958,0.0010321065396112772,123.69035854078165,0.0019540610299043255
1.8800000000000001,92.26551808517485,218.14708337736565,92.26365446117325,125.8815652921908,0.0018636240016007832,-265.9103910417422,-223.59504152020665,-265.9113528996611,42.31534952153552,0.0009618579189236698,132.80345359041613,0.002097204109174567
1.9000000000000001,75.09337611995306,213.34830505839105,75.09130011236518,138.25492893843798,0.0020760075878882844,-289.2796367249461,-254.4625106816083,-289.28050580209225,34.817126043337794,0.0008690771461488112,142.57158777852692,0.002250578279226896
1.92,54.93465719196971,205.79220250736586,54.93236220867303,150.85754531539615,0.0022949832966858708,-312.5574272132366,-286.7981257271761,-312.5581787456356,25.759301486060508,0.0007515323989650824,153.0409768383506,0.0024149015049813854
1.94,31.622584859108834,195.19588459963373,31.620066016101564,163.5732997405249,0.0025188430072695667,-335.4849878228553,-320.46938947139597,-335.4855947885645,15.015598351459346,0.0006069657092098169,164.26105010578726,0.0025909414249317506
1.96,5.002594856925582,181.27008651790007,4.999849290615792,176.26749166097449,0.0027455663097901706,-357.77426891402945,-355.31322360765046,-357.77470203075484,2.461045306378992,0.00043311672538948187,176.28467137119938,0.002779518745982283
1.98,-25.06446705011002,163.72123382036204,-25.067439849641897,188.78570087047206,0.0029727995318751255,-379.10727132917793,-391.1336239455415,-379.1074990791273,12.026352616363567,0.00022774994937435622,189.16837476282464,0.0029815108747339807
2.0,-58.698903092563576,142.25381793394044,-58.702100928333735,200.952721026504,0.0031978357701589744,-399.1356037673708,-427.69934008790295,-399.13559245297216,28.563736320532144,1.1314398648210044e-05,202.9726166765971,0.003197855786073695
