t,euler_x,euler_y,rk4_x,rk4_y,referencia_x,referencia_y,diferencia_euler_rk4
0.0,1.0,1.0,1.0,1.0,1.0,1.0,0.0
0.05,0.925,1.065,0.9230875868934926,1.0620776751687147,0.9230875471643915,1.0620777032629787,0.003492464217352582
0.1,0.8459330975,1.1243311125,0.8426529995318626,1.1181830333015432,0.8426529177421542,1.1181830828778205,0.00696835134813649
0.15000000000000002,0.7632282318791027,1.1777532460737516,0.7591549220705055,1.1681502092197582,0.7591547966489551,1.1681502736471463,0.010431211320645868
0.2,0.6773271644292785,1.2250585876630162,0.6730561933265078,1.2118474703603401,0.6730560234383696,1.211847543058936,0.013884337022190532
0.25,0.5886820784466311,1.266072153937149,0.5848214042563709,1.2491768645189738,0.5848211897745758,1.2491769390250866,0.01733077060396452
0.30000000000000004,0.49775316997525604,1.300652167604908,0.49491457084844703,1.2800737132487234,0.49491431232030464,1.2800737832754123,0.020773310489478954
0.35000000000000003,0.4050062416215077,1.3286902604211612,0.4037968908519271,1.3045059597156137,0.4037965894618757,1.3045060192083688,0.02421451898965233
0.4,0.31091031154492577,1.35011150547772,0.3119245919541026,1.3224733801212327,0.31192424948304115,1.3224734233086597,0.027656730428041253
0.45,0.21593524936609695,1.3648742821779485,0.21974687821267935,1.3340066680494933,0.21974649699439774,1.3340066894889104,0.031102059681752666
0.5,0.1205494503148997,1.3729699780658693,0.1277039807538881,1.3391664012823132,0.12770356362910396,1.3391663959002118,0.034552411047048245
0.55,0.02521755847860034,1.374422532409372,0.036225317963477874,1.338041900759806,0.036224868231970214,1.338041863887169,0.03800948734327154
0.6000000000000001,-0.06960175049802095,1.3692878271212818,-0.054272230370454505,1.3307499914373275,-0.054272708999142355,1.3307499188398348,0.04147479917425673
0.65,-0.16345791745500113,1.3576529312392316,-0.14338593125358046,1.3174336748172233,-0.14338643471041612,1.3174335627204046,0.04494967427256039
0.7000000000000001,-0.25591056927849287,1.339635205773609,-0.2307286860399333,1.2982607229102399,-0.23072920994721813,1.2982605680196737,0.04843526685847483
0.75,-0.3465315013708539,1.315381276270746,-0.3159303950699653,1.2734222033132514,-0.3159309347922971,1.273422002829935,0.051932566952641944
0.8,-0.43490656505985326,1.285065880924708,-0.3986391977971643,1.2431309449791572,-0.3986397484921565,1.243130696610199,0.055442409588005906
0.8500000000000001,-0.5206374526409079,1.2488906025045836,-0.478522587461304,1.2076199541045347,-0.47852314412970426,1.2076196560693335,0.05896548387367538
0.9,-0.6033433734288465,1.2070824927444297,-0.5552683999907089,1.1671407893738388,-0.5552689575255839,1.1671404404059629,0.06250234186990042
0.9500000000000001,-0.6826626148932211,1.1598925981696382,-0.6285856774102417,1.121961905578617,-0.6285862306449238,1.1219615049235707,0.06605340723969212
1.0,-0.7582539836596589,1.1075943966064188,-0.6982054065949984,1.0723669743792636,-0.6982059503495142,1.072366521788389,0.0696189836485763
1.05,-0.8297981218752419,1.050482153840541,-0.7638811347410545,1.0186531906981933,-0.7638816638667827,1.0186526864189398,0.07319926288949619
1.1,-0.8969986951545996,0.9888692100579655,-0.8253894634233964,0.9611295729297803,-0.8253899728457303,0.9611290176925863,0.07679433271496379
1.1500000000000001,-0.9595834490415766,0.923086205814234,-0.8825304235769262,0.9001152648267922,-0.8825309083357401,0.9001146598288452,0.08040418436315727
1.2000000000000002,-1.0173051316354114,0.8534792573425103,-0.9351277341688659,0.835937846578029,-0.9351281894566119,0.8359371934641644,0.08402871976879607
1.25,-1.069942280736877,0.7804080910231397,-0.9830289477298996,0.7689316622301032,-0.9830293689271866,0.7689309630711113,0.08766775845328426
1.3,-1.1172998745654918,0.7042441468019995,-1.0261054862770278,0.6994361702302867,-1.0261058689855607,0.6994354274988948,0.09132104409182631
1.35,-1.1592098457805826,0.6253686602623488,-1.0642525714935553,0.6277943234795735,-1.0642529115663286,0.627793540024377,0.09498825075800231
1.4000000000000001,-1.1955314592037014,0.5441707329271699,-1.0973890533312407,0.5543509848878949,-1.0973893468999207,0.5543501639055028,0.09866898884866843
1.4500000000000002,-1.2261515542848993,0.46104540019812024,-1.1254571414668437,0.4794513840190348,-1.125457384966269,0.47945052902469487,0.10236281069406392
1.5,-1.2509846539780445,0.3763917061252896,-1.1484220442807032,0.4034396200033769,-1.1484222344704837,0.40343873480034226,0.10606921585967155
1.55,-1.269972942288364,0.2906107939512698,-1.1662715202292355,0.3266572154841941,-1.1662716542124265,0.32665630413208613,0.10978765614774179
1.6,-1.283086113326492,0.2041040210859613,-1.179015346657136,0.2494417259497107,-1.1790154218959972,0.24944079273212422,0.1135175403074783
1.6500000000000001,-1.2903210952455395,0.1172711068475517,-1.1866847112394499,0.17212540839043627,-1.1866847255683128,0.17212445778202753,0.11725823846372324
1.7000000000000002,-1.2917016529493053,0.030508320952779472,-1.189331531359498,0.09503395281099791,-1.1893314829947745,0.09503298944428623,0.1210090862746027
1.75,-1.2872778739391268,-0.05579327964142801,-1.187027706816884,0.018485279719484368,-1.1870275943642759,0.018484308351587424,0.12476938882903214
1.8,-1.2771255421127148,-0.14124955834987601,-1.1798643113215328,-0.057211593683356265,-1.1798641337805098,-0.05721256820384335,0.12853842429525417
1.85,-1.2613454047394341,-0.22548494425981708,-1.1679507282660444,-0.13175761628647442,-1.1679504850316729,-0.13175858905225715,0.13231544733171435
1.9000000000000001,-1.2400623382119846,-0.30813400880650743,-1.1514137362807029,-0.20486469287940223,-1.1514134271429135,-0.20486565895673517,0.13609969227159596
1.9500000000000002,-1.2134244185135399,-0.3888429679782239,-1.130396550064477,-0.2762565994248427,-1.130396175204879,-0.2762575538850729,0.1398903760922554
2.0,-1.1816019026415996,-0.46727110468892746,-1.1050578219524776,-0.34566982259194556,-1.105057381938837,-0.34567076054218887,0.14368670118063323
2.0500000000000003,-1.144786127494752,-0.5430921064525801,-1.0755706096268307,-0.4128543227036867,-1.0755701054053226,-0.41285523931648643,0.14748785790548333
2.1,-1.1031883329560912,-0.6159953139984904,-1.0421213153050308,-0.47757421959398394,-1.0421207481904047,-0.4775751101358167,0.15129302700698471
2.15,-1.0570384160972106,-0.6856868769793141,-1.0049086016488071,-0.5396084011994173,-1.0049079733125879,-0.5396092610579177,0.15510138181396985
2.2,-1.0065836235797219,-0.7518908134398545,-0.9641422895286218,-0.5987510550260134,-0.9641416019855011,-0.5987518797358111,0.15891209029865122
2.25,-0.9520871894475099,-0.8143499702330522,-0.9200422426553715,-0.6548121229329252,-0.9200414982479156,-0.654812908199991,0.16272431697834722
2.3000000000000003,-0.8938269255829613,-0.8728268820870517,-0.8728372439529316,-0.7076176799615022,-0.8728364453347658,-0.707618421685923,0.1665372246733165
2.35,-0.8320937721449101,-0.9271045275416002,-0.8227638683940951,-0.7570102382098016,-0.8227630185117,-0.7570109325069041,0.1703499761294057
2.4000000000000004,-0.7671903153158632,-0.9769869804809733,-0.7700653568594289,-0.8028489770087107,-0.7700644589327108,-0.8028496202284764,0.1741617355138119
2.45,-0.6994292796621697,-1.0222999564919466,-0.7149904954048045,-0.8450099008962888,-0.7149895529065768,-0.8450104896410118,0.17797166979185272
2.5,-0.629132002354304,-1.0628912537669537,-0.6577925041400191,-0.8833859271115239,-0.6577915207745508,-0.883386458251669,0.18177894999224073
2.5500000000000003,-0.55662689640654,-1.0986310887525126,-0.598727939729161,-0.9178869045373236,-0.5987269194099379,-0.917887375225564,0.18558275236795957
2.6,-0.4822479099773433,-1.1294123272094214,-0.5380556153243129,-0.948439566215186,-0.5380545621511553,-0.948439973898599,0.1893822594594616
2.6500000000000004,-0.40633298862521355,-1.155150611802377,-0.4760355415388966,-0.9749874177306481,-0.4760344597745786,-0.974987760161067,0.19317666106652806
2.7,-0.329222547240974,-1.1757843877709628,-0.4129278918565205,-0.9974905639293629,-0.412926785903028,-0.9974908391718863,0.1969651551347773
2.75,-0.2512579581782227,-1.1912748286499022,-0.34899199565659106,-1.01592547656865,-0.34899087003115664,-1.015925683008324,0.20074694856245767
2.8000000000000003,-0.1727800618804643,-1.2016056644027495,-0.2844853618201876,-1.0302847056387852,-0.2844842211312319,-1.0302848419854809,0.20452125793283082
2.85,-0.09412770605804603,-1.2067829147085667,-0.21966273565970973,-1.040576537202364,-0.2196615845828164,-1.0405766024938787,0.20828731017713228
2.9000000000000004,-0.015636319202173482,-1.2068345304945522,-0.15477519169449244,-1.0468246006990907,-0.1547740349485386,-1.046824594302511,0.21204434317279566
2.95,0.062363476061236905,-1.2018099471380972,-0.09006926457280522,-1.0490674287475903,-0.09006810689636398,-1.049067350358967,0.2157916062813368
3.0,0.13954720457648306,-1.1917795530685389,-0.025786120219231518,-1.0473579725457105,-0.0257849663473549,-1.047357822188092,0.2195283608300236
3.0500000000000003,0.21559783033679408,-1.1768340777812933,0.03783923093386446,-1.0417630760266179,0.03784037629237556,-1.041762854046503,0.2232538805411963
3.1,0.290206993681439,-1.157083903534525,0.10057867699049598,-1.0323629119702487,0.10057980917523868,-1.032362619032521,0.226967451912861
3.1500000000000004,0.3630761897967645,-1.1326583052306505,0.16221170248640798,-1.019250383298769,0.16221281690684877,-1.019250020380183,0.23066837455394726
3.2,0.4339178846571573,-1.103704623191472,0.2225260399238457,-1.0025304928011132,0.22252713208003178,-1.0025300611824048,0.23435596147740267
3.25,0.5024565649000908,-1.0703873737164504,0.2813182739427865,-0.9823196845358839,0.28131933944521925,-0.9823191857925823,0.23802953935409413
3.3000000000000003,0.5684297184935022,-1.0328873024684886,0.3383943973301293,-0.9587451601544225,0.3383954319187277,-0.9587445961464403,0.24168844873029274
3.35,0.6315887434219898,-0.9914003858606937,0.39357031826787703,-0.9319441733672172,0.39357131782996674,-0.9319435462273095,0.24533204421133697
3.4000000000000004,0.6916997819890103,-0.9461367857210915,0.44667231841549937,-0.9020633057475431,0.4466732790027717,-0.9020626178687131,0.24895969461390127
3.45,0.7485444787037061,-0.8973197625904705,0.4975374616099868,-0.8692577270268649,0.49753837945437435,-0.8692569810488099,0.2525707830891367
3.5,0.8019206600915886,-0.84518455306182,0.546013953149201,-0.8336904429876468,0.5460148246776261,-0.8336896417823276,0.2561647072188014
3.5500000000000003,0.8516429351364637,-0.7899772165986925,0.5919614497996285,-0.7955315340013482,0.5919622716475883,-0.7955306806577749,0.2597408790863587
3.6,0.8975432154252141,-0.731953457274824,0.6352513208382353,-0.7549573871931136,0.6352520898621918,-0.7549564850014382,0.2632987253248909
3.6500000000000004,0.9394711544258869,-0.6713774258591675,0.6757668605995072,-0.7121499251405582,0.6757675738880581,-0.7121489775755625,0.2668376871435529
3.7,0.9772945056816212,-0.6085205076298512,0.7134034531527023,-0.6672958339326645,0.7134041080365122,-0.6672948446367342,0.2703572203341772
3.75,1.0108994000469604,-0.5436601012383,0.7480686898806225,-0.6205857933267059,0.7480692839411083,-0.620584766092379,0.273856795259533
3.8000000000000003,1.0401905424278237,-0.47707839386171413,0.7796824408696461,-0.5722137116468744,0.7796829719464027,-0.5722126503990531,0.2773358968246433
3.85,1.0650913288106947,-0.4090611377792397,0.808176881151216,-0.5223759679684418,0.8081773473481868,-0.5223748767463559,0.2807940244324703
3.9000000000000004,1.085543884679362,-0.33989643338547376,0.8334964729573274,-0.4712706640264047,0.8334968726477228,-0.47126954696540585,0.2842306919251918
3.95,1.1015090262178262,-0.26987352351547544,0.8555979052667246,-0.4190968881781689,0.8555982370966996,-0.4190957494914458,0.2876454275122108
4.0,1.1129661459848732,-0.1992816037992813,0.8744499920244444,-0.3660539936364661,0.8744502549155498,-0.3660528375967571,0.29103777368596145
4.05,1.1199130250184763,-0.12840865359217524,0.8900335305150073,-0.3123408930718827,0.8900337236654341,-0.3123397239932641,0.2944072871265093
4.1000000000000005,1.122365573585912,-0.05754029184079065,0.9023411214589632,-0.25815537156462076,0.9023412443436049,-0.2581541937844471,0.2977535385958707
4.15,1.120357503037587,0.013041337954298668,0.9113769524836643,-0.20369341976291164,0.9113770048530259,-0.2036922376239798,0.301076112822918
4.2,1.1139399314485452,0.08305864973031668,0.917156546692128,-0.14914858898133845,0.9171565285701132,-0.14914740681434568,0.3043746083796803
4.25,1.1031809259409362,0.15223966008148865,0.9197064781187269,-0.0947113698466712,0.9197063897993414,-0.09471019195303126,0.3076486375497924
4.3,1.0881649847730273,0.22031899321079607,0.9190640559173171,-0.04056859597212666,0.9190638979603276,-0.0405674266072079,0.3108978261897973
4.3500000000000005,1.0689924624552847,0.2870388423597302,0.9152769791763851,0.013097125986321248,0.9152767524019728,0.013098282629477974,0.3141218135839581
4.4,1.0457789413114258,0.35214988470905106,0.908402964297012,0.06610795866541858,0.9084026697794693,0.06610909847184644,0.31732025229319305
4.45,1.018654553041992,0.4154121469971091,0.8985093469030702,0.11829134762296334,0.8985089859635917,0.11829246657092983,0.32049280799870594
4.5,0.9877632539698389,0.47659581936063733,0.8856726602792463,0.1694805052866702,0.8856722344778554,0.1694815994622032,0.3236391593408454
4.55,0.9532620577509876,0.5354820151648902,0.8699781923514222,0.2195148643768623,0.8699777034780931,0.21951592998759903,0.32675899775369205
4.6000000000000005,0.9153202294205971,0.5918634748544421,0.8515195232358383,0.26824050008055533,0.8515189733008661,0.26824153346887414,0.3298520272958371
4.65,0.874118444712551,0.6455452121217298,0.8303980453885256,0.31551052037708704,0.8303974366121951,0.31551151803248645,0.3329179644777878
4.7,0.829847918642502,0.6963451009564314,0.8067224683849453,0.36118542403603277,0.806721803186561,0.3611863826067261,0.33595653808640297
4.75,0.7827095073784649,0.7440944024039463,0.7806083103518691,0.4051334259264352,0.7806075913381996,0.40513434223013434,0.33896748900673707
4.800000000000001,0.732912787440518,0.7886382301245489,0.7521773780594919,0.44723074939208335,0.7521766080126883,0.4472316204259455,0.3419505700416443
4.8500000000000005,0.680675116272258,0.8298359541052397,0.7215572376618715,0.48736188556043764,0.7215564195269191,0.48736270851015745,0.34490554572947196
4.9,0.6262206782117946,0.8675615421329501,0.6888806780482775,0.5254198195625716,0.6888798149200361,0.5254205918106014,0.3478321921601477
4.95,0.5697795198597622,0.9017038388896788,0.6542851687371878,0.5613062237479584,0.6542842638470828,0.5613069428808436,0.35073029678994877
5.0,0.5115865787965973,0.9321667827764666,0.6179123142087614,0.594931618080867,0.617911370911182,0.5949322818956911,0.35359965825521616
5.050000000000001,0.45188070954178294,0.9588695608130587,0.5799073065309187,0.6262154980043497,0.5799063282893829,0.6262161045142798,0.35644008618526496
5.1000000000000005,0.3909037105744865,0.9817467021928737,0.5404183780889654,0.6550864301531394,0.5404173684621039,0.6550869775920729,0.359251401014719
5.15,0.32889935614869786,1.0007481112977998,0.4995962561792737,0.6814821163880649,0.4995952188066972,0.6814826032143805,0.362033433795487
5.2,0.26611243653727873,1.0158390411937006,0.45759362117418656,0.7053494267117033,0.4575925597622833,0.7053498516111187,0.3647860260085807
5.25,0.20278781022898185,1.0270000088347209,0.41456456990830953,0.7266444017077964,0.4145634882160329,0.7266447635953424,0.3675090293759585
5.300000000000001,0.13916947148123215,1.0342266534020008,0.37066408587599986,0.7453322252253625,0.3706629877006963,0.7453325232464858,0.37020230567257284
5.3500000000000005,0.07549963650003196,1.0375295393897068,0.3260475177664289,0.7613871681023389,0.3260464069297574,0.7613874016331456,0.3728657265387785
5.4,0.012017851377540162,1.036933906227945,0.28087006779637674,0.7747925037929313,0.28086894813037017,0.77479267243959,0.37549917329325344
5.45,-0.05103987523153265,1.0324793663977319,0.23528629123219255,0.7855403968275569,0.2352851665655075,0.7855405004248809,0.37810253674657174
5.5,-0.11344191187077687,1.024219554147422,0.18944960842140215,0.7936317650943138,0.18944848256580457,0.7936318037035421,0.3806757170155567
5.550000000000001,-0.1749618138204468,1.012221727062548,0.143511830581546,0.7990761169862551,0.14351070731867477,0.7990760908920601,0.38321862333853507
5.6000000000000005,-0.23537909992397948,0.9965663228716756,0.09762270051925268,0.8018913645093857,0.0976215835877047,0.8018912742161318,0.3857311738916023
5.65,-0.2944799943890767,0.9773464739894472,0.051929449376567204,0.8021036134922193,0.051928342459341754,0.8021034597195018,0.38821329560600276
5.7,-0.3520581314300905,0.9546674824043345,0.006576370424421704,0.7997469320789665,0.0065752771367629664,0.799746715756461,0.3906649239867191
5.75,-0.40791522080256387,0.928646257612678,-0.0382955891548862,0.794863098724971,-0.03829666527721451,0.7948628209866241,0.3930860029323588
5.800000000000001,-0.461861672467869,0.8994107203823181,-0.0825492176330008,0.7875013309449268,-0.08255027314497534,0.7875009931225249,0.39547648455641915
5.8500000000000005,-0.5137171788151913,0.8670991751985376,-0.12605140846444854,0.7777179960917374,-0.12605244002255103,0.7777175997078845,0.3978363290100047
5.9,-0.5633112530588494,0.8318596543022042,-0.16867350967426709,0.76557630546667,-0.1686745140467256,0.765575852227214,0.40016550430606657
5.95,-0.6104837226203869,0.7938492362750117,-0.2102916522785138,0.7511459930797968,-0.2102926263549953,0.7511454848657401,0.40246398614522566
6.0,-0.6550851764962785,0.7532333421597464,-0.25078705719068134,0.7345029803936698,-0.25078799799141355,0.7345024192526011,0.4047317577432379
6.050000000000001,-0.6969773658027707,0.7101850121247044,-0.29004632014537424,0.7157290283928399,-0.29004722482967504,0.7157284165299294,0.406968809660155
6.1000000000000005,-0.7360335568786178,0.6648841656910092,-0.32796167424820566,0.6949113783273019,-0.327962540122403,0.6949107180958938,0.4091751396312269
6.15,-0.7721388365136466,0.6175168485398688,-0.3644312298375644,0.6721423824793301,-0.3644320543622911,0.67214167637118,0.4113507523995917
6.2,-0.8051903690555245,0.568274468904082,-0.39935919141948384,0.6475191263005777,-0.3993599722163348,0.6475183769357672,0.41349565955079093
6.25,-0.8350976053282372,0.5173530265246594,-0.43265605151114206,0.6211430432598677,-0.4326567863686833,0.6211422533764425,0.41560987934914717
6.300000000000001,-0.861782443473001,0.46495233711965084,-0.4642387613013556,0.5931195237319334,-0.46423944818047636,0.5931186961753003,0.4176934365760347
6.3500000000000005,-0.8851793419951262,0.41127525526852576,-0.4940308781076481,0.5635575192436031,-0.49403151514625127,0.5635566569557304,0.41974636237007323
6.4,-0.905235385468157,0.35652689856217024,-0.5219626896789102,0.5325691433767039,-0.5219632751959374,0.5325682493851637,0.42176869406926903
6.45,-0.9219103035090057,0.3009138758061595,-0.5479713154601905,0.5002692706064373,-0.5479718479589808,0.5002683480133274,0.42376047505512665
6.5,-0.9351764437942748,0.2446435219939057,-0.5720007850016214,0.46677513433028683,-0.572001263172604,0.4667741863010741,0.4257217545987497
6.550000000000001,-0.9450187000381484,0.18792314268703095,-0.5940020937567716,0.4322059253158227,-0.5940025164794978,0.4322049550681447,0.4276525877089493
6.6000000000000005,-0.9514343959957241,0.1309592703533718,-0.6139332365767074,0.39668239176621894,-0.6139336029212247,0.39668140255868267,0.4295530349823724
6.65,-0.9544331266921114,0.0739569351188806,-0.6317592192646367,0.36032644217005383,-0.6317595284922162,0.3603254372910679,0.43142316245566426
6.7,-0.95403655820673,0.017118952288871163,-0.6474520486121006,0.3232607520671874,-0.6474523001753226,0.32325973482386366,0.4332630414596727
6.75,-0.9502781874637243,-0.03935477111291615,-0.6609907013911805,0.28560837582536464,-0.6609908949333922,0.2856073495325255,0.43507274847570354
6.800000000000001,-0.943203063593023,-0.09526790865154969,-0.6723610728280351,0.24749236448284195,-0.6723612081821949,0.24749133245216576,0.43685236499383234
6.8500000000000005,-0.9328674725321028,-0.15042836361624035,-0.6815559051311807,0.20903539067094618,-0.6815559823180997,0.20903435620028482,0.4386019773732752
6.9,-0.9193385866358039,-0.20464889308779466,-0.6885746966932492,0.17035938158721484,-0.6885747159192508,0.17035834795011412,0.44032167670482325
6.95,-0.9026940811504286,-0.25774770516843076,-0.6934235926274207,0.1315851609448019,-0.6934235542814331,0.13158413138025582,0.44201155867533914
7.0,-0.8830217194887442,-0.30954902773388343,-0.6961152573393105,0.09283210077733009,-0.6961151619894125,0.09283107847979756,0.4436717234343152
7.050000000000001,-0.8604189093143264,-0.35988364720032784,-0.6966687298717499,0.05421778393049626,-0.6966685782611911,0.054216772040207584,0.4453022754624915
7.1000000000000005,-0.8349922315068692,-0.4085894159336392,-0.6951092627936138,0.015857678022656155,-0.6951090558363311,0.015856679616235592,0.4469033234425291
7.15,-0.8068569441346556,-0.455511727065351,-0.6914681454345987,-0.02213517839350993,-0.6914678842102515,-0.02213616031208145,0.44847498013173365
7.2,-0.7761364636063318,-0.5005039556178541,-0.6857825122956323,-0.059650476787152254,-0.6857821980441807,-0.05965143929521104,0.4500173622368235
7.25,-0.7429618252115175,-0.5434278649803825,-0.6780951374894069,-0.09658092609385405,-0.6780947716052595,-0.09658186635834308,0.45153059029073406
7.300000000000001,-0.7074711252886825,-0.5841539779166577,-0.668454216087364,-0.13282252607159506,-0.6684538001131188,-0.1328234413569494,0.45301478853145183
7.3500000000000005,-0.6698089472792347,-0.6225619114242205,-0.6569131332683528,-0.16827482604368488,-0.6569126688881592,-0.16827571371929476,0.4544700847828658
7.4,-0.630125773939023,-0.6585406749039961,-0.6435302221801427,-0.2028411685572251,-0.6435297112127126,-0.20284202610446084,0.4558966103376287
7.45,-0.5885773879826139,-0.6919889312360509,-0.6283685114380313,-0.23642891753871748,-0.6283679558293261,-0.236429742557501,0.4572944998420152
7.5,-0.5453242634319347,-0.7228152204933579,-0.611495463194983,-0.26894967058145414,-0.6114948650106042,-0.26895046079636475,0.45866389118276585
7.550000000000001,-0.5005309499293829,-0.7509381461592811,-0.5929827027251026,-0.30031945505216606,-0.5929820641424177,-0.300320208318069,0.4600049253759034
7.6000000000000005,-0.454365452256509,-0.7762865238459794,-0.5729057404668442,-0.3304589077569292,-0.5729050637668731,-0.33045962206411666,0.46131774645750934
7.65,-0.406998607273123,-0.7987994926396537,-0.551343687474227,-0.359293437958401,-0.55134297503332,-0.35929411143723994,0.4626025013764446
7.7,-0.35860346045841446,-0.8184265893241267,-0.5283789652235382,-0.38675337358795486,-0.5283782195048761,-0.3867540045130319,0.4638593398890014
7.75,-0.30935464419569336,-0.835127785856308,-0.5040970107196153,-0.4127740905470735,-0.5040962342645576,-0.41277467734083634,0.4650884144554702
7.800000000000001,-0.2594277598959356,-0.8488734905853238,-0.47858597783988405,-0.43729612504233334,-0.47858517325919653,-0.4372966662782225,0.46628988013860606
7.8500000000000005,-0.208998766002768,-0.8596445138211773,-0.4519364358459554,-0.46026526894734937,-0.45193560581094666,-0.4602657633524203,0.4674638945039783
7.9,-0.1582433738631676,-0.867431998468451,-0.4242410659818421,-0.48163264823304186,-0.4242402132154351,-0.4816330946900781,0.4686106175221865
7.95,-0.107336453384306,-0.8722373165455173,-0.39559435706481577,-0.5013547845544327,-0.3955934843325851,-0.50135518210355,0.46973021147292615
8.0,-0.05645145032798844,-0.87407193250973,-0.3660923009596853,-0.5193936401277784,-0.3660914110608875,-0.5193939879675263,0.47082284085088516
8.05,-0.005759817020359756,-0.8729572344039124,-0.3358320888099199,-0.5357166460761085,-0.3358311845685436,-0.5357169435640706,0.4718886722734553
8.1,0.044569541823664655,-0.8689243339289406,-0.30491180887966246,-0.5502967144640739,-0.30491089313552533,-0.5502969611169745,0.47292787439023914
8.15,0.09437080654407548,-0.8620138366311634,-0.27343014683937855,-0.5631122342843435,-0.2734292224392987,-0.5631124297776688,0.4739406177943331
8.200000000000001,0.1434817617163882,-0.8522755834716498,-0.24148608930475746,-0.5741470516975294,-0.2414851590938222,-0.5741471958646716,0.47492707493537034
8.25,0.19174429562738302,-0.8397683651166881,-0.20917863141363274,-0.5833904348657233,-0.20917769822659185,-0.5833905276966561,0.475887420034302
8.3,0.23900487869646114,-0.8245596103554544,-0.17660648919921823,-0.5908370237561028,-0.1766055558520249,-0.5908370653956029,0.4768218289998993
8.35,0.28511501958803004,-0.8067250501112557,-0.143867817489969,-0.5964867653256753,-0.14386688677149106,-0.5964867560710982,0.47773047934695545
8.4,0.3299316978574773,-0.7863483585671475,-0.11105993403698314,-0.6003448345310041,-0.11105900870090765,-0.6003447748296314,0.4786135501161699
8.450000000000001,0.3733177720723022,-0.7635207729750085,-0.07827905053916423,-0.6024215416376686,-0.07827813329611581,-0.6024214320836391,0.4794712217956924
8.5,0.4151423624504796,-0.7383406937592804,-0.045620011204477076,-0.6027322263332041,-0.045619104714370765,-0.6027320676640465,0.4803036762443101
8.55,0.45528120715976855,-0.7109132665625627,-0.013176039452659265,-0.6012971391743066,-0.013175146317306947,-0.6012969322670867,0.48111109661625495
8.6,0.49361699152409766,-0.6813499479101088,0.01896150666919367,-0.5981413109241539,0.01896238391320527,-0.5981410567912574,0.4818936672876128
8.65,0.5300396494860006,-0.649768056194023,0.050703369821559124,-0.5932944103587569,0.05070422870970174,-0.5932941101433229,0.4826515737843136
8.700000000000001,0.5644466367770058,-0.616290309695686,0.08196261895688749,-0.5867905911422936,0.0819634571032201,-0.5867902461133191,0.48338500271168283
8.75,0.596743175350559,-0.5810443533766987,0.11265486468863316,-0.5786683283903883,0.11265567979201138,-0.5786679399375233,0.4840941416855329
8.8,0.6268424687341556,-0.5441622761745231,0.1426984640168257,-0.5689702455572637,0.14269925386677873,-0.5689698151853158,0.4847791792647751
8.85,0.6546658880585636,-0.5057801205391336,0.17201471401926827,-0.5577429322976186,0.17201547650153026,-0.5577424616207882,0.48544030488553164
8.9,0.6801431286220164,-0.46603738594148214,0.20052803415495377,-0.5450367539669677,0.2005287672566395,-0.5450362447028357,0.4860777087967268
8.950000000000001,0.7032123369457596,-0.4250765280735787,0.22816613686401355,-0.5309056534350316,0.22816683867842752,-0.5309051073983183,0.48669158199713747
9.0,0.7238202083740559,-0.38304245544363524,0.2548601861863553,-0.5154069458956012,0.25486085491742594,-0.5154063649917194,0.4872821161738826
9.05,0.7419220553664219,-0.34008202504819623,0.28054494415900677,-0.49860110736313107,0.28054557812533876,-0.4986004935815579,0.4878495036423308
9.1,0.7574818467222251,-0.2963435387766496,0.3051589047899593,-0.48055155755117335,0.3051595024284972,-0.48055091295865693,0.48839393728740654
9.15,0.7704722180675718,-0.25197624217217707,0.32864441544390555,-0.4613244378306667,0.32864497531320364,-0.46132376456429625,0.488915610506274
9.200000000000001,0.7808744540214232,-0.20712982713726083,0.35094778551259354,-0.4409883849670779,0.35094830629568796,-0.44098768522723397,0.4894147171523789
9.25,0.7886784425418842,-0.1619539401315258,0.37201938227948184,-0.4196143013344938,0.37201986278636373,-0.41961357737770427,0.48989145148082774
9.3,0.7938826020344025,-0.1165976973651844,0.39181371392489506,-0.39727512230201467,0.39181415309458084,-0.3972743764337375,0.4903460080950855
9.35,0.7964937818810115,-0.07120920844289115,0.4102894996538499,-0.3740455814832519,0.41028989655605164,-0.3740448160506052,0.49077858189496987
9.4,0.7965271371235767,-0.025935109860644665,0.4274097269640767,-0.3500019745334312,0.4274100808004699,-0.35000119191789486,0.49118936802592406
9.450000000000001,0.7940059781041008,0.019079890297266193,0.44314169610641335,-0.3252219221705946,0.44314200621150696,-0.32522112478070336,0.49157856182954796
9.5,0.788961595931363,0.06369345517313732,0.4574570518236256,-0.2997841330877361,0.45745731766523584,-0.29978332335178487,0.4919463587953668
9.55,0.7814330647053919,0.10776604823624487,0.47033180248673456,-0.2737681674114531,0.47033202366606747,-0.2737673477702366,0.4922929545138198
9.600000000000001,0.7714670214893778,0.15116134750701052,0.481746326780042,-0.24725420134990841,0.4817465030313893,-0.24725337424951446,0.49261854463044746
9.65,0.7591174250725271,0.19374664381019435,0.49168536811717023,-0.2203227936586371,0.4916854993072262,-0.220321961543314,0.4929233248012593
9.700000000000001,0.7444452946169648,0.2353932220315806,0.5001380170005131,-0.19305465453706425,0.5001381031273172,-0.19305381984218056,0.49320749064926295
9.75,0.727518429327037,0.27597672442376775,0.5070976815654724,-0.16553041755158954,0.5070977227569881,-0.16552958269670678,0.4934712377221347
9.8,0.7084111103201911,0.31537749507949764,0.5125620465786751,-0.13783041516281352,0.5125620430910128,-0.13782958254488847,0.4937147614510135
9.850000000000001,0.6872037859149976,0.3534809047652011,0.5165330211859765,-0.11003445841499582,0.5165329734012714,-0.11003363040173102,0.4939382571103991
9.9,0.6639827415837808,0.3901776553828361,0.519016675731418,-0.08222162132522433,0.5190165841553713,-0.08222080024858301,0.49414191977913613
9.950000000000001,0.638839755844751,0.4253640634043988,0.5200231679923664,-0.05447003048810556,0.5200230332514648,-0.054469218638007376,0.4943259443024654
10.0,0.6118717433914823,0.45894232170043847,0.5195666591987963,-0.026856660389138972,0.5195664820372191,-0.026855860007352097,0.49449052525512405
10.05,0.5831803867760662,0.4908207392612564,0.517665220226035,0.0005428651036140687,0.5176650015022639,0.0005436518293700181,0.4946358569054768
10.100000000000001,0.5528717579763324,0.5209139583869721,0.514340728370254,0.02765446462433513,0.514340469053398,0.027655235566061483,0.49476213318066026
10.15,0.5210559311872139,0.5491431490000509,0.5096187551345317,0.05440578415062436,0.50961845630038,0.05440653724547807,0.49486954763272173
10.200000000000001,0.48784658818168114,0.5754361798109785,0.5035284454704045,0.08072637440674427,0.5035281082972264,0.08072710766222263,0.4949582934057366
10.25,0.4533606175877697,0.5997277661442976,0.4961023889354533,0.10654786046102224,0.49610201469955395,0.10654857195988639,0.4950285632038842
10.3,0.4177177094251472,0.6219595943079826,0.4873764832416234,0.13180410317641122,0.48737607331267846,0.1318047910813383,0.4950805492604683
10.350000000000001,0.38103994623749576,0.6420804224638887,0.4773897906816419,0.1564313522005531,0.4773893465178194,0.15643201475850724,0.49511444330786136
10.4,0.34345139214583714,0.6600461580305719,0.4661843879320613,0.18036839020939438,0.4661839110749536,0.18036902575570787,0.4951304365483592
10.450000000000001,0.30507768113290196,0.675819911721936,0.4538052097411363,0.20355666814638962,0.45380470181051596,0.2035572751085471,0.4951287196259262
10.5,0.2660456058498665,0.6893720283957272,0.44029988701791356,0.22594043122752017,0.44029934970632933,0.22594100812863857,0.4951094825988169
10.55,0.22648270821437733,0.7006800949546778,0.42571857984560457,0.24746683551067683,0.4257180149128363,0.24746738097267562,0.4950729149130562
10.600000000000001,0.18651687304289635,0.7097289256099392,0.4101138059475162,0.26808605485633086,0.41011321521490496,0.26808656760278765,0.49501920537676253
10.65,0.14627592593116517,0.7165105248811575,0.3935402651375509,0.28775137813477514,0.39353965048222317,0.2877518569934628,0.4949485421352976
10.700000000000001,0.10588723656416835,0.7210240287699909,0.37605466028957246,0.3064192965634837,0.37605402363857293,0.30641974046858533,0.49486111264722715
10.75,0.06547732860152057,0.7232756246038942,0.3577155153607803,0.324049581086242,0.35771485868513386,0.32404998908024285,0.49475710366107756
10.8,0.02517149724588129,0.723278450104473,0.33858299100367417,0.34060534973357526,0.3385823163123925,0.3406057209688303,0.4946367011928717
10.850000000000001,-0.014906564439019845,0.7210524722895093,0.3187186982992397,0.3560531249315775,0.3187180076332906,0.3560534586715526,0.49450009050442945
10.9,-0.054635129437709276,0.7166243468697663,0.29818551114067604,0.3703628807534564,0.2981848065669327,0.37036317637364635,0.49434745608241837
10.950000000000001,-0.09389478994250378,0.7100272588507974,0.2770473777923528,0.38350808013489684,0.2770466613975396,0.38350833712341986,0.4941789816181387
11.0,-0.13256879883416847,0.7013007450961093,0.2553691321427527,0.3954657021006412,0.25536840602740407,0.39546592005851317,0.493994849988028
11.05,-0.17054339860465828,0.6904904996510876,0.23321630516297173,0.4062162590754391,0.23321557143542193,0.40621643771653015,0.49379524323487156
11.100000000000001,-0.20770813689474238,0.6776481626670093,0.21065493707394561,0.4157438043776644,0.21065419784436418,0.41574394352834343,0.49358034254970434
11.15,-0.24395616787276178,0.6628310938011818,0.1877513907159924,0.4240359300183884,0.18775064809048136,0.4240360296168579,0.49335032825438935
11.200000000000001,-0.27918453873564103,0.6461021310027065,0.16457216660355045,0.43108375495248036,0.16457142267832006,0.43108381504780924,0.49310537978485947
11.25,-0.3132944606693798,0.6275293356235412,0.14118372013619424,0.436881903951327,0.14118297699183016,0.43688192470218684,0.4928456756750085
11.3,-0.34619156366339704,0.6071857248213756,0.11765228142417421,0.4414284772889829,0.11765154112001297,0.44142845896209476,0.49257139354121826
11.350000000000001,-0.3777861346311035,0.585148992244348,0.09404367817290334,0.4447250114549336,0.09404294274152854,0.44472495442323384,0.4922827100675078
11.4,-0.4079933383477518,0.561501218007784,0.07042316205605009,0.44677643112713444,0.07042243349792378,0.4467763358676672,0.4919798009912922
11.450000000000001,-0.436733420775767,0.5363285689899481,0.04685523899125084,0.44759099265854424,0.046854519269492946,0.4475908597500897,0.4916628410897373
11.5,-0.4639318944072171,0.5097209904872696,0.023403503715975774,0.4471802193489666,0.0234027947513041,0.44718004946941525,0.49133200416669837
11.55,-0.48951970531266026,0.48177189027965384,0.0001304790438289051,0.44555882879161274,0.00012978270967163385,0.44555862271509494,0.4909874630402292
11.600000000000001,-0.5134333816451222,0.45257781616335374,-0.0229025398364118,0.44274465260037676,-0.02290322171861991,0.4427444111941598,0.4906293895306501
11.65,-0.5356151634072474,0.42223812801248867,-0.04563563567534397,0.4387585488393474,-0.04563630134067092,0.43875827306051035,0.490257954449161
11.700000000000001,-0.5560131133485541,0.3908546654307054,-0.06801041376665126,0.43362430749053643,-0.06801106151097287,0.4336239983824337,0.48987332758699054
11.75,-0.5745812089180455,0.3585314120517361,-0.08997014053533324,0.4273685493091744,-0.08997076871942435,0.42736820799770187,0.4894756777050656
11.8,-0.5912794152550248,0.32537415754178334,-0.11145987582608795,0.4200206184281838,-0.1114604828794914,0.4200202461178591,0.48906517252419235
11.850000000000001,-0.6060737392576738,0.29149015834782266,-0.13242659862818384,0.4116124690845787,-0.1324271830528493,0.4116120670544484,0.48864197871573584
11.9,-0.6189362648246406,0.25698779822413936,-0.15281932599423007,0.4021785468505464,-0.15281988636791521,0.4021781164499323,0.48820626189278765
11.950000000000001,-0.629845169419382,0.22197624955478984,-0.1725892249316362,0.39175566476083135,-0.17258975991106418,0.391755207404933,0.48775818660180975
12.0,-0.638784722160203,0.18656513647229556,-0.19168971706718585,0.38038287473576404,-0.19169022539095332,0.38038239190112555,0.4872979163147441
12.05,-0.6457452636906779,0.15086420075283383,-0.21007657590697376,0.3681013347058485,-0.21007705639820387,0.36810082792570825,0.48682561342157693
12.100000000000001,-0.6507231681353132,0.11498297144558892,-0.22770801653591483,0.35495417184925054,-0.2277084681046516,0.35495364270878543,0.48634143922334677
12.15,-0.6537207874937977,0.0790304391688807,-0.24454477762306862,0.34098634235781233,-0.2445451992684091,0.3409857924892907,0.4858455539255864
12.200000000000001,-0.6547463788738681,0.043114735978307284,-0.26055019562107734,0.3262444881503667,-0.2605505864330386,0.32624391922822465,0.4853381166321883
12.25,-0.6538140150075965,0.007342821682544937,-0.27569027107003113,0.3107767909541465,-0.2756906302311497,0.31077620469000244,0.4848192853396828
12.3,-0.6509434785386822,-0.028179822549237267,-0.289933726938,0.2946328241759892,-0.28993405372466413,0.2946322223136086,0.48428921693191984
12.350000000000001,-0.6461601406090149,-0.06334949247803917,-0.30325205895224855,0.2778634029848433,-0.30325235273575946,0.27786278729507013,0.4837480671751439
12.4,-0.6394948243112861,-0.09806455020894297,-0.3156195778967276,0.26052043302580485,-0.3156198381440943,0.26051980530147206,0.4831959907134531
12.450000000000001,-0.6309836536106861,-0.13222570399063893,-0.32701344387276476,0.2426567581835698,-0.3270136701472294,0.2426561202344039,0.48263314106463195
12.5,-0.6206678883726747,-0.16573627770167498,-0.337413692540899,0.22432600780980372,-0.3374138845021967,0.22432536145733664,0.48205967061635047
12.55,-0.6085937461653844,-0.19850246936472324,-0.34680325338248064,0.20558244382452728,-0.3468034107868347,0.20558179089702974,0.48147573062271765
12.600000000000001,-0.5948122115343643,-0.23043359807162594,-0.3551679600399343,0.18648080809622086,-0.35516808273979117,0.1864801504236692,0.48088147120118274
12.65,-0.5793788334740562,-0.2614423387446052,-0.3624965528144161,0.16707617049899268,-0.36249664075792226,0.167075509908084,0.480277041329775
12.700000000000001,-0.562353511844569,-0.2914449442026497,-0.3687806734189448,0.14742377803786227,-0.36878072664917094,0.14742311634708993,0.4796625888446716
12.75,-0.5438002735039639,-0.3203614540465902,-0.3740148521039027,0.12757890542501754,-0.3740148707578192,0.1275782444398191,0.4790382604380881
12.8,-0.5237870389453558,-0.3481158899215996,-0.3781964872900541,0.10759670748084105,-0.3781964715972643,0.10759604898883185,0.47840420165648007
12.850000000000001,-0.5023853802446688,-0.3746364367616646,-0.38132581786187253,0.08753207372360856,-0.38132576814310853,0.087531419489912,0.4777605568990498
12.9,-0.4796702711388344,-0.3998556096668326,-0.38340588829096584,0.06743948550107352,-0.38340580495635507,0.06743883726375971,0.47710746941654925
12.950000000000001,-0.45571983006561934,-0.4237104061106019,-0.384442506775718,0.04737287600570626,-0.3844423903228261,0.047372235471350194,0.4764450813103713
13.0,-0.4306150570050955,-0.4461424432215564,-0.38444419659887946,0.027385493503194965,-0.38444404761053796,0.027384862342564525,0.4757735335319215
13.05,-0.40443956496905387,-0.4670980799301168,-0.38342214091972066,0.0075297680909781235,-0.3834219600616479,0.007529147934862312,0.47509296588226296
13.100000000000001,-0.3772793069884314,-0.4865285238179493,-0.38139012123147814,-0.012142817709892555,-0.3813899092497013,-0.012143425274705875,0.4744035170120268
13.15,-0.34922229945009636,-0.5043899225540144,-0.3783644497281511,-0.03158185424032095,-0.37836420744623844,-0.03158244767490844,0.4737053244215806
13.200000000000001,-0.3203583426331597,-0.5206434398473236,-0.37436389583722046,-0.050738125591536704,-0.3743636241533342,-0.050738703408535514,0.47299852446144747
13.25,-0.29077873929138837,-0.535255315892076,-0.3694096071865491,-0.06956372583674578,-0.369409307070327,-0.0695642866038741,0.4722832523329702
13.3,-0.26057601212234277,-0.5481969123258431,-0.36352502528455405,-0.08801217036210612,-0.36352469777383123,-0.08801271270550091,0.47155964208921053
13.350000000000001,-0.22984362095559469,-0.5594447417657584,-0.3567357962027148,-0.10603850206904973,-0.35673544240009586,-0.10603902467641431,0.4708278266360805
13.4,-0.19867568048186574,-0.5689804820311076,-0.34906967655857163,-0.1235993922363132,-0.3490692976278637,-0.123599893859869,0.47008793773369567
13.450000000000001,-0.16716667933222484,-0.5767909752032256,-0.34055643510557365,-0.1406532358466986,-0.3405560322680909,-0.14065371530593465,0.4693401059979463
13.5,-0.13541120130166517,-0.5828682117150604,-0.3312277502434422,-0.15716024120051672,-0.33122732477419325,-0.1571606973847322,0.4685844609022785
13.55,-0.10350364949452068,-0.587209299703074,-0.32111710376912045,-0.17308251365482147,-0.3211166569928912,-0.17308294552545628,0.46782113077968
13.600000000000001,-0.07153797415035984,-0.5898164198932165,-0.31025967119387693,-0.1883841333448782,-0.3102592044812183,-0.1883845399376282,0.4670502428248635
13.65,-0.039607404888291856,-0.5906967663304421,-0.29869220895672177,-0.2030312267617761,-0.2986917237198552,-0.20303160718848906,0.4662719230966429
13.700000000000001,-0.007804188085124758,-0.5898624732975474,-0.28645293886797646,-0.2169920320776487,-0.2864524365566286,-0.21699238552799885,0.46548629652049445
13.75,0.023780669921382835,-0.5873305288039302,-0.2735814301196182,-0.23023695812755998,-0.2735809122167966,-0.23023728387049827,0.46469348689129936
13.8,0.05505765313874155,-0.5831226750581074,-0.26011847920090014,-0.2427386369747052,-0.2601179472186222,-0.2427389343596845,0.4638936168762601
13.850000000000001,0.08593897909730698,-0.5772652963694274,-0.24610598805873982,-0.2544719700031168,-0.24610544353372532,-0.25447223846109074,0.46308680801798674
13.9,0.11633883428982825,-0.5697892949543115,-0.2315868408424762,-0.26541416749951585,-0.23158628533181705,-0.2654144065437108,0.4622731807377462
13.950000000000001,0.1461736012936301,-0.5607299551504862,-0.21660477957183574,-0.27554478170326585,-0.21660421464865356,-0.2755449909297273,0.4614528543388698
14.0,0.17536207702734194,-0.5501267965689836,-0.20120427906533192,-0.28484573332052204,-0.20120370631443465,-0.28484591240843493,0.4606259470103141
14.05,0.20382568162644224,-0.5380234167381462,-0.1854304214638649,-0.2933013315155929,-0.18542984247741556,-0.2933014802273779,0.4597925758303699
14.100000000000001,0.23148865745523967,-0.5244673238164221,-0.16932877068101088,-0.3008982874091924,-0.16932818705421773,-0.300898405590381,0.4589528567705136
14.15,0.25827825780715297,-0.5095097599713566,-0.15294524710740656,-0.3076257211296305,-0.1529446604342472,-0.3076258087085205,0.4581069046993969
14.200000000000001,0.2841249248801743,-0.4932055160408413,-0.1363260028917709,-0.3134751624790234,-0.136325414760761,-0.31347521946611767,0.45725483338696987
14.25,0.30896245665009536,-0.47561273810934784,-0.11951729811548141,-0.31844054529227034,-0.11951671010549844,-0.318440571779504,0.4563967555087321
14.3,0.3327281623003324,-0.45679272664653875,-0.10256537817126363,-0.32251819558180606,-0.10256479184743633,-0.3225181917415651,0.45553278265010844
14.350000000000001,0.35536300590390085,-0.43680972886829555,-0.08551635264948375,-0.32570681357596204,-0.08551576955915703,-0.32570677965989736,0.4546630253109431
14.4,0.3768117380901465,-0.41573072499083513,-0.06841607602778345,-0.3280074497731256,-0.06841549769656924,-0.3280073861107704,0.4537875929101103
14.450000000000001,0.3970230154661407,-0.39362520905719167,-0.05131003045139214,-0.32942347514774445,-0.05130945837931545,-0.3294233821449368,0.45290659379023407
14.5,0.41594950760007526,-0.3705649650219379,-0.034243210882423755,-0.3299605456575533,-0.034242646540172846,-0.3299604237946738,0.4520201352225158
14.55,0.4335479914114509,-0.34662383878460823,-0.01726001288684459,-0.3296265612141784,-0.017259457712134364,-0.3296264110442063,0.4511283234116632
14.600000000000001,0.4497794328502347,-0.32187750686489025,-0.0004041233176173692,-0.3284316192914725,-0.00040357871167441333,-0.32843144143786934,0.4502312635009189
14.65,0.4646090557843632,-0.29640324241328897,0.016281585858182294,-0.3263879633575307,0.016282118534005196,-0.32638775851195717,0.4493290595771819
14.700000000000001,0.47800639805189254,-0.270279679249665,0.032755160351683785,-0.3235099263273103,0.03275567977915589,-0.3235096952471855,0.4484218146762209
14.75,0.4899453546706457,-0.24358657461883962,0.04897566273904231,-0.3198138692431114,0.048976167646158746,-0.31981361274902076,0.4475096307879739
14.8,0.5004042082342828,-0.2164045713473759,0.06490326782991702,-0.31531811539984195,0.06490375699385176,-0.315317834372804,0.4465926088619314
14.850000000000001,0.5093656465592354,-0.18881496007873308,0.08049935401723429,-0.31004288014098946,0.08049982626713546,-0.31004257551958786,0.4456708488125986
14.9,0.5168167676818056,-0.16089944225529107,0.09572659042068866,-0.304010196559524,0.09572704464031119,-0.30400986933691615,0.4447444495250339
14.950000000000001,0.522749072338852,-0.1327398945053042,0.11054901964957362,-0.2972438373455602,0.11054945477974311,-0.2972434885663689,0.44381350886046056
15.0,0.5271584440987839,-0.10441813508072278,0.12493213602395059,-0.2897692330294971,0.12493255106485422,-0.2897688637865967,0.442878123661947
15.05,0.5300451173419807,-0.07601569297807052,0.13884295910682146,-0.2816133868755234,0.13884335312012128,-0.2816129983067281,0.4419383897601534
15.100000000000001,0.5314136333211736,-0.04761358035925137,0.15225010241382864,-0.27280478668582053,0.15225047452459375,-0.27280437997048623,0.44099440197914147
15.15,0.5312727845626919,-0.019292068872338045,0.16512383718103096,-0.26337331378050677,0.16512418657948486,-0.26337289013605464,0.4400462541422433
15.200000000000001,0.5296355478987268,0.00886952954586033,0.1774361510854549,-0.2533501494223451,0.17743647702853552,-0.25334971010071794,0.43909403907798755
15.25,0.5265190064488322,0.03679307682327761,0.1891608018273627,-0.24276767895848111,0.18916110364009311,-0.24276722524254118,0.4381378486260796
15.3,0.5219442608956999,0.06440181732085996,0.20027336549747335,-0.2316593939539886,0.20027364257414088,-0.2316589271538678,0.4371777736434314
15.350000000000001,0.515936330425774,0.09162058029650497,0.21075127966668464,-0.22005979259378064,0.21075153147182712,-0.22005931404319304,0.4362139040102407
15.4,0.5085240437294364,0.11837597576882908,0.22057388115013526,-0.20800427863050006,0.22057410721933454,-0.2080037896830259,0.43524632863611473
15.450000000000001,0.49973992047826904,0.14459658330926478,0.22972243841168313,-0.19552905915633848,0.22972263835216422,-0.19552856118169104,0.434275135466237
15.5,0.48962004371822987,0.17021313331631344,0.2381801785890209,-0.18267104147635935,0.2381803520800588,-0.182670535856643,0.43330041148757337
15.55,0.47820392363742825,0.1951586803520057,0.24593230913367078,-0.16946772935982438,0.24593245592680416,-0.16946721748579488,0.4323222427351171
15.600000000000001,0.4655343531855238,0.21936876814766318,0.25296603407396195,-0.15595711894425823,0.25296615399301603,-0.1559566022115941,0.4313407142981665
15.65,0.4516572560385648,0.24278158591383014,0.2592705649227638,-0.142177594564545,0.25927065786368336,-0.1421770743701406,0.4303559103266375
15.700000000000001,0.4366215274183089,0.26533811561766607,0.2648371262651943,-0.1281678247762471,0.26483719219569,-0.1281673025145359,0.4293679140374047
15.75,0.42047886828870285,0.2869822699200726,0.26965895607471385,-0.11396665883858825,0.26965899503372387,-0.1139661358979058,0.4283768077206713
15.8,0.4032836134642346,0.30766102049428734,0.2737313008189212,-0.09961302391816576,0.2737313129158912,-0.09961250167716212,0.42738267274636416
15.850000000000001,0.38509255417528404,0.3273245164775253,0.27705140542896034,-0.0851458232694707,0.2770513908429458,-0.08514530309358029,0.4263855895705524
15.9,0.36596475564439795,0.3459261928373979,0.2796184982186973,-0.07060383564271884,0.2796184571972925,-0.07060331888069674,0.42538563774188737
15.950000000000001,0.34596137023458207,0.36342286846520955,0.2814337708517093,-0.05602561616335179,0.2814337037098068,-0.056025104143885084,0.424382895908062
16.0,0.32514544673625445,0.379774833838732,0.28250035346561597,-0.04144939892087872,0.2825002605840008,-0.04144889294928079,0.4233774418222872
16.05,0.30358173636343544,0.3949459281276055,0.2828232850743532,-0.026913001497517332,0.28282316689813886,-0.02691250285251268,0.4223693523497835
16.1,0.28133649603207767,0.40890360564503103,0.2824094793796217,-0.012453731659384966,0.2824093364165314,-0.012453241589992522,0.4213587034742863
16.150000000000002,0.2584772894941757,0.42161899157981514,0.2812676861329085,0.001891703575190402,0.2812675189514096,0.0018921838526686,0.4203455703045626
16.2,0.23507278690046068,0.43306692697302895,0.279408448199169,0.016087286284295024,0.27940825742646447,0.016087755589172865,0.41933002708093714
16.25,0.2111925633621003,0.4432260029334689,0.27684405448244054,0.030097773211090584,0.27684384080232627,0.03009823040107814,0.4183121471818268
16.3,0.18690689707791863,0.45207858411567603,0.2735884888823288,0.04388877836504688,0.2735882530329221,0.043889222338905805,0.4172920031302813
16.35,0.16228656758825083,0.45961082151341537,0.2696573754584448,0.05742685247807826,0.2696571182297919,0.05742728217814655,0.41626966660052844
16.400000000000002,0.13740265470969015,0.4658126546501585,0.2650679199874581,0.07067955914804581,0.26506764221902757,0.0706799735626266,0.4152452084245218
16.45,0.11232633869670586,0.47067780327618214,0.25983884810446223,0.08361554751252079,0.25983855068253237,0.08361594567813022,0.41421869859849086
16.5,0.08712870216645072,0.47420374870932724,0.2539903402268086,0.09620462130641147,0.253990024081756,0.09620500230988137,0.4131902062894904
16.55,0.06188053431207979,0.4763917049831864,0.24754396346444335,0.10841780416800607,0.2475436295679402,0.10841816714843677,0.4121597998419483
16.6,0.036652137917614055,0.47724657999244624,0.2405226007260756,0.12022740106914678,0.24052225008820527,0.12022774521970696,0.41112754678421054
16.650000000000002,0.011513139673853662,0.476776926850239,0.23295037723520373,0.13160705575659537,0.23295001090150155,0.13160738032616506,0.41009351383508164
16.7,-0.013467695719873104,0.4749948856966013,0.2248525846741265,0.14253180410314728,0.22485220372255463,0.1425321083978022,0.40905776691035983
16.75,-0.03822264719919215,0.4719161162204444,0.21625560317756481,0.15297812327866775,0.21625520871542978,0.1529784066630014,0.4080203711293643
16.8,-0.06268521427139544,0.46755972117975336,0.20718682140041592,0.1629239766629312,0.20718641456123638,0.16292423856121327,0.4069813908214551
16.85,-0.08679028881133102,0.4619481612260147,0.19767455488645375,0.17234885443391107,0.19767413682678836,0.17234909433108123,0.4059408895325427
16.900000000000002,-0.11047432130132874,0.45510716135906654,0.1877479629664805,0.18123380977696305,0.18774753486272364,0.18123402721945808,0.4048989300315876
16.95,-0.13367548111982305,0.44706560935764494,0.17743696441552598,0.1895614906721397,0.17743652746067992,0.18956168526855388,0.40385557431708713
17.0,-0.1563338105039712,0.43785544654881625,0.16677215209918866,0.19731616722863818,0.16677170749962114,0.19731633865021656,0.40281088362355005
17.05,-0.17839137183296633,0.4275115512962133,0.15578470683912118,0.20448375454708745,0.15578425581131636,0.2044839025280525,0.40176491842795664
17.1,-0.19979238790084794,0.4160716156024973,0.14450631072699027,0.21105183110199707,0.14450585449430223,0.211051955439709,0.40071773845620373
17.150000000000002,-0.22048337487034417,0.40357601523572295,0.1329690601149953,0.21700965264818897,0.13296859990441154,0.2170097532031411,0.3996694026895339
17.2,-0.2404132676225787,0.39006767380227264,0.12120537850922078,0.2223481616663884,0.12120491554814519,0.22234823836203882,0.3986199693709469
17.25,-0.25953353724126543,0.37559192120071805,0.109247929589738,0.22705999237433402,0.10924746510279996,0.22706004519677558,0.3975694960115935
17.3,-0.27779830039423037,0.3601963469013609,0.09712953057847062,0.23113947134075385,0.09712906578436943,0.23113950033822503,0.3965180393971506
17.35,-0.29516442039967106,0.3439306485052771,0.08488306617241381,0.23458261375031753,0.08488260228080577,0.2345826190325564,0.3954656555941753
17.400000000000002,-0.311591599789421,0.3268464760444373,0.07254140325585953,0.2373871153781927,0.07254094146429553,0.23738709711563713,0.39441239995643995
17.45,-0.32704246420655786,0.30899727249089515,0.060137306600849136,0.2395523403430796,0.060136848091769876,0.23955229876591752,0.3933583271312442
17.5,-0.34148263749991253,0.29043811094812466,0.047703355760164386,0.24107930471755087,0.04770290169796069,0.24107924011462414,0.39230349106570533
17.55,-0.35488080790333376,0.27122552900134544,0.035271863351798285,0.24197065608416302,0.03527141487994366,0.24197056880172918,0.3912479450130258
17.6,-0.36720878521286565,0.25141736070611503,0.02287479492803539,0.24223064913510803,0.022874353166297257,0.2422305395754636,0.39019174153873587
17.650000000000002,-0.3784415489002448,0.23107256669559167,0.010543690616038678,0.2418651174221227,0.010543256657774959,0.24186498604209422,0.389134932526913
17.7,-0.3885572871262451,0.21025106288669626,-0.0016904112897940127,0.24088144137194795,-0.0016908363802468028,0.2408812886812545,0.3880775691863752
17.75,-0.3975374266423324,0.1890135482639435,-0.013797048610454502,0.23928851269081516,-0.013797463800295699,0.23928833925030873,0.38701970205684844
17.8,-0.4053666535937688,0.1674213322169892,-0.02574640727405135,0.2370966952892147,-0.02574681156442754,0.23709650170900295,0.385961381015108
17.85,-0.4120329252616726,0.14553616190397378,-0.03750939085846727,0.23431778286555832,-0.037509783286775324,0.2343175698030167,0.38490265528109235
17.900000000000002,-0.4175274728055235,0.1234200501075593,-0.049057687534792345,0.23096495329426933,-0.04905806717686909,0.23096472145194816,0.38384357342398945
17.95,-0.4218447950911543,0.10113510404418435,-0.06036383426968418,0.22705271997030843,-0.06036420024187814,0.2270524700937407,0.38278418336829456
18.0,-0.42498264371232874,0.07874335557953005,-0.07140127815337557,0.22259688026815916,-0.07140162961449642,0.22259661314357698,0.38172453239983944
18.05,-0.4269419993365109,0.05630659329453473,-0.08214443472885868,0.21761446127884446,-0.08214477088200053,0.2176141777308092,0.38066466717179254
18.1,-0.42772703952734087,0.03388619683655087,-0.09256874320679745,0.2121236629936165,-0.09256906330103219,0.21212336388257066,0.3796046337106283
18.150000000000002,-0.4273450982175841,0.011542973979442664,-0.10265071845993187,0.20614379910754851,-0.10265102179186965,0.20614348532729573,0.3785444774220674
18.2,-0.42580661702687556,-0.01066299919538059,-0.11236799970011313,0.1996952356203532,-0.11236828561532704,0.19969490809547366,0.3774842430969854
18.25,-0.4231250886383844,-0.03267253459777082,-0.12169939575062254,0.1927993274153545,-0.12169966364493451,0.192798987098563,0.37642397491729074
18.3,-0.4193169924675399,-0.05442748452195409,-0.1306249268360538,0.18547835300064203,-0.13062517615668057,0.18547800087009603,0.3753637164617707
18.35,-0.41440172287414107,-0.07587088976298323,-0.13912586282175218,0.17775544759904077,-0.13912609306830867,0.17775508465560555,0.3743035107119056
18.400000000000002,-0.40840151018648335,-0.09694712310095574,-0.14718475784457957,0.16965453477563,-0.1471849685699393,0.16965416204010875,0.37324340005765083
18.45,-0.40134133482254203,-0.11760202781359025,-0.1547854812865874,0.16120025679314665,-0.1547856720975979,0.16119987530348218,0.37218342630318596
18.5,-0.3932488348087163,-0.13778305089464757,-0.16191324505300278,0.15241790388670962,-0.16191341561105604,0.15241751469516596,0.3711236306726306
18.55,-0.38415420701113623,-0.15743937067324584,-0.16855462712574387,0.1433333426499078,-0.16855477714720152,0.1433329468202387,0.3700640538157275
18.6,-0.3740901024080334,-0.17652201854730087,-0.17469759137345367,0.13397294372440735,-0.17469772062992725,0.13397254232901903,0.36900473581349136
18.650000000000002,-0.3630915157441573,-0.1949839945630659,-0.18033150360875136,0.12436350898486132,-0.180331611927238,0.12436310310197686,0.3679457161838239
18.7,-0.35119566991965595,-0.2127803765919963,-0.18544714389302636,0.11453219841005031,-0.18544723115590067,0.11453178912088281,0.3668870338870954
18.75,-0.33844189547621717,-0.22986842287586445,-0.19003671509861547,0.10450645682985708,-0.1900367812434789,0.10450604521579927,0.36582872733169036
18.8,-0.32487150555256955,-0.24620766773114444,-0.1940938477475888,0.09431394073588711,-0.19409389276697842,0.09431352787572377,0.3647708343795197
18.85,-0.3105276666896548,-0.2617600102241162,-0.19761360115560028,0.08398244534130268,-0.19761362509655853,0.08398203230845339,0.3637133923514976
18.900000000000002,-0.29545526587290133,-0.2764897956488465,-0.2005924609183147,0.07353983207274935,-0.20059246388182278,0.07353941993254824,0.36265643803298314
18.95,-0.2797007742050412,-0.29036388966113374,-0.20302833278678278,0.0630139566741334,-0.2030283149270599,0.06301354648115222,0.36160000767918676
19.0,-0.26331210760781915,-0.3033517449425953,-0.20492053298677884,0.05243259809846973,-0.2049204945104507,0.052432190893891194,0.36054413702054117
19.05,-0.24633848495474056,-0.31542546029027557,-0.2062697750455244,0.04182338836007432,-0.20626971621066398,0.04182298516912192,0.35948886126803636
19.1,-0.22883028403969816,-0.32655983204839895,-0.20707815319737524,0.031213743515039687,-0.20707807431241923,0.031213345344469696,0.3584342151185194
19.150000000000002,-0.21083889578791104,-0.33673239782013403,-0.2073491224479321,0.020630795933219634,-0.2073490238704771,0.02063040376888192,0.35738023275995756
19.200000000000003,-0.19241657711611018,-0.3459234724184115,-0.20708747538362973,0.010101328019878309,-0.20708735751911225,0.010100942824350876,0.35632694787666563
19.25,-0.17361630284832458,-0.35411617603589834,-0.20629931582114977,-0.00034829246025627585,-0.20629917912141416,-0.0003486697499530731,0.3552743936544976
19.3,-0.1544916170919743,-0.3612964546351193,-0.20499202939797354,-0.010692175309533983,-0.204991874359733,-0.010692543784138617,0.3542226027860009
19.35,-0.13509648447627723,-0.36745309258037884,-0.20317425121202973,-0.020904968933567,-0.20317407837522503,-0.02090532771368835,0.35317160747553517
19.400000000000002,-0.11548514165124356,-0.37257771755352564,-0.2008558306246838,-0.030961919352440824,-0.20085564057074426,-0.03096226759057552,0.3521214394443545
19.450000000000003,-0.09571194944078722,-0.37666479781565926,-0.19804779334724987,-0.040838927058941786,-0.1980475866972628,-0.04083926394139294,0.3510721299356521
19.5,-0.07583124603775099,-0.37971163189656537,-0.19476230093677183,-0.050512601602647395,-0.1947620783495648,-0.05051292635134065,0.35002370971957003
19.55,-0.05589720162194578,-0.38171833081292617,-0.19101260783200602,-0.05996031378581217,-0.191012370002149,-0.0599606256600053,0.3489762090981707
19.6,-0.03596367477467466,-0.3826877929351445,-0.1868130160653373,-0.06916024536427763,-0.18681276372106922,-0.06916054366216023,0.3479296579103727
19.650000000000002,-0.01608407105467735,-0.38262567164089933,-0.18217882779076297,-0.07809143615412056,-0.18217856169184946,-0.0780917202143005,0.34688408553684946
19.700000000000003,0.0036887959089761772,-0.38154033591127434,-0.17712629577208103,-0.08673382845240656,-0.1771260167076083,-0.08673409765528066,0.34583952090489106
19.75,0.02330284046175981,-0.379442824042428,-0.17167257197901173,-0.09506830868821685,-0.17167228076512459,-0.09506856245722316,0.3447959924932299
19.8,0.04270683777209755,-0.37634679066226784,-0.1658356544421638,-0.1030767462280422,-0.1658353519197522,-0.10307698403079124,0.3437535283368287
19.85,0.061850553160879305,-0.37226844725741415,-0.1596343325205211,-0.11074202926766866,-0.15963401955286277,-0.11074225061695249,0.3427121560316326
19.900000000000002,0.08068486760220196,-0.3672264964308574,-0.15308813073747352,-0.118048097750794,-0.15308780820783888,-0.11804830220547084,0.3416719027392837
19.950000000000003,0.09916189909867545,-0.3612420601250943,-0.14621725134334423,-0.12497997326278931,-0.14621692015256899,-0.12498016042854311,0.34063279519179984
20.0,0.11723511964850059,-0.3543386020591435,-0.1390425157638731,-0.13152378585623709,-0.13904217682790684,-0.1315239553862108,0.33959485969621583
